-- phpMyAdmin SQL Dump
-- version 4.8.5
-- https://www.phpmyadmin.net/
--
-- Host: localhost:3306
-- Generation Time: Nov 11, 2022 at 12:49 PM
-- Server version: 5.7.33
-- PHP Version: 7.4.19

SET SQL_MODE = "NO_AUTO_VALUE_ON_ZERO";
SET AUTOCOMMIT = 0;
START TRANSACTION;
SET time_zone = "+00:00";


/*!40101 SET @OLD_CHARACTER_SET_CLIENT=@@CHARACTER_SET_CLIENT */;
/*!40101 SET @OLD_CHARACTER_SET_RESULTS=@@CHARACTER_SET_RESULTS */;
/*!40101 SET @OLD_COLLATION_CONNECTION=@@COLLATION_CONNECTION */;
/*!40101 SET NAMES utf8mb4 */;

--
-- Database: `shopkk`
--

-- --------------------------------------------------------

--
-- Table structure for table `carts`
--

CREATE TABLE `carts` (
  `id` bigint(20) UNSIGNED NOT NULL,
  `customer_id` bigint(20) UNSIGNED NOT NULL,
  `product_id` int(11) NOT NULL,
  `pty` int(11) NOT NULL,
  `price` int(11) NOT NULL,
  `created_at` timestamp NULL DEFAULT NULL,
  `updated_at` timestamp NULL DEFAULT NULL
) ENGINE=InnoDB DEFAULT CHARSET=utf8mb4 COLLATE=utf8mb4_unicode_ci;

--
-- Dumping data for table `carts`
--

INSERT INTO `carts` (`id`, `customer_id`, `product_id`, `pty`, `price`, `created_at`, `updated_at`) VALUES
(1, 1, 36, 1, 25000, NULL, NULL),
(2, 1, 40, 1, 111, NULL, NULL),
(3, 1, 45, 1, 111, NULL, NULL),
(4, 1, 50, 1, 111, NULL, NULL),
(5, 1, 51, 1, 24000, NULL, NULL),
(6, 1, 52, 17, 19998, NULL, NULL),
(7, 2, 36, 1, 25000, NULL, NULL),
(8, 2, 40, 1, 111, NULL, NULL),
(9, 2, 45, 1, 111, NULL, NULL),
(10, 2, 50, 1, 111, NULL, NULL),
(11, 2, 51, 1, 24000, NULL, NULL),
(12, 2, 52, 17, 19998, NULL, NULL),
(13, 3, 36, 1, 25000, NULL, NULL),
(14, 3, 40, 1, 111, NULL, NULL),
(15, 3, 45, 1, 111, NULL, NULL),
(16, 3, 50, 1, 111, NULL, NULL),
(17, 3, 51, 1, 24000, NULL, NULL),
(18, 3, 52, 19, 19998, NULL, NULL),
(19, 4, 36, 1, 25000, NULL, NULL),
(20, 4, 40, 1, 111, NULL, NULL),
(21, 4, 45, 1, 111, NULL, NULL),
(22, 4, 50, 1, 111, NULL, NULL),
(23, 4, 51, 1, 24000, NULL, NULL),
(24, 4, 52, 19, 19998, NULL, NULL),
(25, 5, 36, 1, 25000, NULL, NULL),
(26, 5, 40, 1, 111, NULL, NULL),
(27, 5, 45, 1, 111, NULL, NULL),
(28, 5, 50, 1, 111, NULL, NULL),
(29, 5, 51, 1, 24000, NULL, NULL),
(30, 5, 52, 19, 19998, NULL, NULL),
(37, 9, 52, 3, 19998, NULL, NULL),
(38, 10, 36, 1, 25000, NULL, NULL),
(39, 10, 40, 1, 111, NULL, NULL),
(40, 10, 45, 1, 111, NULL, NULL),
(41, 10, 50, 1, 111, NULL, NULL),
(42, 10, 51, 1, 24000, NULL, NULL),
(43, 10, 52, 20, 19998, NULL, NULL),
(44, 11, 44, 1, 11, NULL, NULL),
(45, 12, 51, 1, 24000, NULL, NULL),
(46, 13, 51, 1, 24000, NULL, NULL),
(47, 14, 51, 1, 24000, NULL, NULL),
(48, 15, 51, 1, 24000, NULL, NULL),
(49, 16, 51, 1, 24000, NULL, NULL),
(50, 17, 52, 1, 19998, NULL, NULL),
(51, 18, 52, 1, 19998, NULL, NULL),
(52, 19, 52, 1, 19998, NULL, NULL),
(53, 20, 50, 1, 111, NULL, NULL),
(54, 21, 48, 1, 455345, NULL, NULL),
(55, 22, 52, 1, 19998, NULL, NULL),
(57, 24, 50, 1, 111, NULL, NULL),
(58, 25, 52, 10, 19998, NULL, NULL),
(59, 26, 52, 1, 19998, NULL, NULL),
(60, 27, 36, 1, 25000, NULL, NULL);

-- --------------------------------------------------------

--
-- Table structure for table `customers`
--

CREATE TABLE `customers` (
  `id` bigint(20) UNSIGNED NOT NULL,
  `name` varchar(255) COLLATE utf8mb4_unicode_ci NOT NULL,
  `phone` varchar(255) COLLATE utf8mb4_unicode_ci NOT NULL,
  `address` varchar(255) COLLATE utf8mb4_unicode_ci NOT NULL,
  `email` varchar(255) COLLATE utf8mb4_unicode_ci NOT NULL,
  `content` text COLLATE utf8mb4_unicode_ci NOT NULL,
  `created_at` timestamp NULL DEFAULT NULL,
  `updated_at` timestamp NULL DEFAULT NULL
) ENGINE=InnoDB DEFAULT CHARSET=utf8mb4 COLLATE=utf8mb4_unicode_ci;

--
-- Dumping data for table `customers`
--

INSERT INTO `customers` (`id`, `name`, `phone`, `address`, `email`, `content`, `created_at`, `updated_at`) VALUES
(1, 'hf', '3423', 'fdfd', 'eqwe', 'ưeq', '2022-10-25 03:48:39', '2022-10-25 03:48:39'),
(2, 'hf', '3423', 'fdfd', 'eqwe', 'ưeq', '2022-10-25 04:07:03', '2022-10-25 04:07:03'),
(3, 'kiet', '041245656', 'dsfduh', 'nguyenfranxihoahoc@gmail.com', 'fdfd', '2022-10-25 04:13:00', '2022-10-25 04:13:00'),
(4, 'kiet', '041245656', 'dsfduh', 'nguyenfranxihoahoc@gmail.com', 'fdfd', '2022-10-25 04:17:17', '2022-10-25 04:17:17'),
(5, 'kikiik', '54245', 'hfhf', 'nguyenfranxihoahoc@gmail.com', 'gfgf', '2022-10-25 04:17:43', '2022-10-25 04:17:43'),
(9, 'Kiet Dang', '0384858853', 'An Giang', 'kietb11910397@student.ctu.edu.vn', 'kjkjkj', '2022-10-25 04:52:24', '2022-10-25 04:52:24'),
(10, 'dsds', 'sdsd', 'sdsds', 'sdsd', 'sd', '2022-10-25 04:53:08', '2022-10-25 04:53:08'),
(11, 'Kiet Dang', '0384858853', 'An Giang', 'kietb11910397@student.ctu.edu.vn', 'qq', '2022-10-25 06:07:09', '2022-10-25 06:07:09'),
(12, 'Quan Sơn', '123', 'fdf', 'dsd', '12323', '2022-10-26 01:46:50', '2022-10-26 01:46:50'),
(13, 'Kiet S', '123', 'fdf', 'nguyenfranxihoahoc@gmail.com', '111', '2022-10-26 01:56:00', '2022-10-26 01:56:00'),
(14, 'sds', '1231', 'dsds', 'nguyenfranxihoahoc@gmail.com', '11', '2022-10-26 01:58:08', '2022-10-26 01:58:08'),
(15, 'sds', '1231', 'dsds', 'nguyenfranxihoahoc@gmail.com', '11', '2022-10-26 01:59:54', '2022-10-26 01:59:54'),
(16, 'sds', '1231', 'dsds', 'nguyenfranxihoahoc@gmail.com', '11', '2022-10-26 02:04:33', '2022-10-26 02:04:33'),
(17, 'KIWI1', '1231', 'dsds', 'nguyenfranxihoahoc@gmail.com', 'fff', '2022-10-26 02:17:33', '2022-10-26 02:17:33'),
(18, 'kkk', '6557', 'kikikiyty', 'nguyenfranxihoahoc@gmail.com', '33', '2022-10-26 02:23:00', '2022-10-26 02:23:00'),
(19, 'hf12', '2132131', 'fdfdff', 'nguyenfranxihoahoc@gmail.com', 'ff', '2022-10-26 02:33:23', '2022-10-26 02:33:23'),
(20, 'qs', '123', 'fff', 'kiet@gmail.com', 'f', '2022-10-26 02:38:00', '2022-10-26 02:38:00'),
(21, 'Kiet Dang', '0384858853', 'An Giang', 'kietb11910397@student.ctu.edu.vn', '1111', '2022-10-26 02:42:08', '2022-10-26 02:42:08'),
(22, 'Kiet Dang', '0384858853', 'An Giang', 'kietb11910397@student.ctu.edu.vn', '1111', '2022-10-26 02:52:50', '2022-10-26 02:52:50'),
(24, 'Kiệt', '12323', 'fdffd', '12312', 'd', '2022-10-26 22:29:04', '2022-10-26 22:29:04'),
(25, 'Duyên', '123456', 'An Giang', 'dhfhd', '10 kiis', '2022-10-27 04:10:38', '2022-10-27 04:10:38'),
(26, 'kiet', '12321313', '123123', 'nguyenfranxihoahoc@gmail.com', '111', '2022-10-28 19:52:16', '2022-10-28 19:52:16'),
(27, 'kiettt', '12313', 'fdfd', '21313', '11', '2022-10-30 18:14:11', '2022-10-30 18:14:11');

-- --------------------------------------------------------

--
-- Table structure for table `failed_jobs`
--

CREATE TABLE `failed_jobs` (
  `id` bigint(20) UNSIGNED NOT NULL,
  `uuid` varchar(255) COLLATE utf8mb4_unicode_ci NOT NULL,
  `connection` text COLLATE utf8mb4_unicode_ci NOT NULL,
  `queue` text COLLATE utf8mb4_unicode_ci NOT NULL,
  `payload` longtext COLLATE utf8mb4_unicode_ci NOT NULL,
  `exception` longtext COLLATE utf8mb4_unicode_ci NOT NULL,
  `failed_at` timestamp NOT NULL DEFAULT CURRENT_TIMESTAMP
) ENGINE=InnoDB DEFAULT CHARSET=utf8mb4 COLLATE=utf8mb4_unicode_ci;

--
-- Dumping data for table `failed_jobs`
--

INSERT INTO `failed_jobs` (`id`, `uuid`, `connection`, `queue`, `payload`, `exception`, `failed_at`) VALUES
(1, 'c3d449d3-28b7-4f76-8712-3cdaece8b30f', 'database', 'default', '{\"uuid\":\"c3d449d3-28b7-4f76-8712-3cdaece8b30f\",\"displayName\":\"App\\\\Jobs\\\\SendMail\",\"job\":\"Illuminate\\\\Queue\\\\CallQueuedHandler@call\",\"maxTries\":null,\"maxExceptions\":null,\"failOnTimeout\":false,\"backoff\":null,\"timeout\":null,\"retryUntil\":null,\"data\":{\"commandName\":\"App\\\\Jobs\\\\SendMail\",\"command\":\"O:17:\\\"App\\\\Jobs\\\\SendMail\\\":11:{s:8:\\\"\\u0000*\\u0000email\\\";s:28:\\\"nguyenfranxihoahoc@gmail.com\\\";s:3:\\\"job\\\";N;s:10:\\\"connection\\\";N;s:5:\\\"queue\\\";N;s:15:\\\"chainConnection\\\";N;s:10:\\\"chainQueue\\\";N;s:19:\\\"chainCatchCallbacks\\\";N;s:5:\\\"delay\\\";O:25:\\\"Illuminate\\\\Support\\\\Carbon\\\":3:{s:4:\\\"date\\\";s:26:\\\"2022-10-26 09:04:35.744741\\\";s:13:\\\"timezone_type\\\";i:3;s:8:\\\"timezone\\\";s:3:\\\"UTC\\\";}s:11:\\\"afterCommit\\\";N;s:10:\\\"middleware\\\";a:0:{}s:7:\\\"chained\\\";a:0:{}}\"}}', 'Swift_TransportException: Connection could not be established with host mailhog :stream_socket_client(): php_network_getaddresses: getaddrinfo failed: No such host is known.  in D:\\Download\\laragon\\www\\shop\\vendor\\swiftmailer\\swiftmailer\\lib\\classes\\Swift\\Transport\\StreamBuffer.php:261\nStack trace:\n#0 [internal function]: Swift_Transport_StreamBuffer->{closure}(2, \'stream_socket_c...\', \'D:\\\\Download\\\\lar...\', 264, Array)\n#1 D:\\Download\\laragon\\www\\shop\\vendor\\swiftmailer\\swiftmailer\\lib\\classes\\Swift\\Transport\\StreamBuffer.php(264): stream_socket_client(\'mailhog:1025\', 0, \'php_network_get...\', 30, 4, Resource id #742)\n#2 D:\\Download\\laragon\\www\\shop\\vendor\\swiftmailer\\swiftmailer\\lib\\classes\\Swift\\Transport\\StreamBuffer.php(58): Swift_Transport_StreamBuffer->establishSocketConnection()\n#3 D:\\Download\\laragon\\www\\shop\\vendor\\swiftmailer\\swiftmailer\\lib\\classes\\Swift\\Transport\\AbstractSmtpTransport.php(143): Swift_Transport_StreamBuffer->initialize(Array)\n#4 D:\\Download\\laragon\\www\\shop\\vendor\\swiftmailer\\swiftmailer\\lib\\classes\\Swift\\Mailer.php(65): Swift_Transport_AbstractSmtpTransport->start()\n#5 D:\\Download\\laragon\\www\\shop\\vendor\\laravel\\framework\\src\\Illuminate\\Mail\\Mailer.php(521): Swift_Mailer->send(Object(Swift_Message), Array)\n#6 D:\\Download\\laragon\\www\\shop\\vendor\\laravel\\framework\\src\\Illuminate\\Mail\\Mailer.php(288): Illuminate\\Mail\\Mailer->sendSwiftMessage(Object(Swift_Message))\n#7 D:\\Download\\laragon\\www\\shop\\vendor\\laravel\\framework\\src\\Illuminate\\Mail\\Mailable.php(187): Illuminate\\Mail\\Mailer->send(\'mail.success\', Array, Object(Closure))\n#8 D:\\Download\\laragon\\www\\shop\\vendor\\laravel\\framework\\src\\Illuminate\\Support\\Traits\\Localizable.php(19): Illuminate\\Mail\\Mailable->Illuminate\\Mail\\{closure}()\n#9 D:\\Download\\laragon\\www\\shop\\vendor\\laravel\\framework\\src\\Illuminate\\Mail\\Mailable.php(188): Illuminate\\Mail\\Mailable->withLocale(NULL, Object(Closure))\n#10 D:\\Download\\laragon\\www\\shop\\vendor\\laravel\\framework\\src\\Illuminate\\Mail\\Mailer.php(304): Illuminate\\Mail\\Mailable->send(Object(Illuminate\\Mail\\Mailer))\n#11 D:\\Download\\laragon\\www\\shop\\vendor\\laravel\\framework\\src\\Illuminate\\Mail\\Mailer.php(258): Illuminate\\Mail\\Mailer->sendMailable(Object(App\\Mail\\OrderShipped))\n#12 D:\\Download\\laragon\\www\\shop\\vendor\\laravel\\framework\\src\\Illuminate\\Mail\\PendingMail.php(124): Illuminate\\Mail\\Mailer->send(Object(App\\Mail\\OrderShipped))\n#13 D:\\Download\\laragon\\www\\shop\\app\\Jobs\\SendMail.php(36): Illuminate\\Mail\\PendingMail->send(Object(App\\Mail\\OrderShipped))\n#14 D:\\Download\\laragon\\www\\shop\\vendor\\laravel\\framework\\src\\Illuminate\\Container\\BoundMethod.php(36): App\\Jobs\\SendMail->handle()\n#15 D:\\Download\\laragon\\www\\shop\\vendor\\laravel\\framework\\src\\Illuminate\\Container\\Util.php(40): Illuminate\\Container\\BoundMethod::Illuminate\\Container\\{closure}()\n#16 D:\\Download\\laragon\\www\\shop\\vendor\\laravel\\framework\\src\\Illuminate\\Container\\BoundMethod.php(93): Illuminate\\Container\\Util::unwrapIfClosure(Object(Closure))\n#17 D:\\Download\\laragon\\www\\shop\\vendor\\laravel\\framework\\src\\Illuminate\\Container\\BoundMethod.php(37): Illuminate\\Container\\BoundMethod::callBoundMethod(Object(Illuminate\\Foundation\\Application), Array, Object(Closure))\n#18 D:\\Download\\laragon\\www\\shop\\vendor\\laravel\\framework\\src\\Illuminate\\Container\\Container.php(653): Illuminate\\Container\\BoundMethod::call(Object(Illuminate\\Foundation\\Application), Array, Array, NULL)\n#19 D:\\Download\\laragon\\www\\shop\\vendor\\laravel\\framework\\src\\Illuminate\\Bus\\Dispatcher.php(128): Illuminate\\Container\\Container->call(Array)\n#20 D:\\Download\\laragon\\www\\shop\\vendor\\laravel\\framework\\src\\Illuminate\\Pipeline\\Pipeline.php(128): Illuminate\\Bus\\Dispatcher->Illuminate\\Bus\\{closure}(Object(App\\Jobs\\SendMail))\n#21 D:\\Download\\laragon\\www\\shop\\vendor\\laravel\\framework\\src\\Illuminate\\Pipeline\\Pipeline.php(103): Illuminate\\Pipeline\\Pipeline->Illuminate\\Pipeline\\{closure}(Object(App\\Jobs\\SendMail))\n#22 D:\\Download\\laragon\\www\\shop\\vendor\\laravel\\framework\\src\\Illuminate\\Bus\\Dispatcher.php(132): Illuminate\\Pipeline\\Pipeline->then(Object(Closure))\n#23 D:\\Download\\laragon\\www\\shop\\vendor\\laravel\\framework\\src\\Illuminate\\Queue\\CallQueuedHandler.php(120): Illuminate\\Bus\\Dispatcher->dispatchNow(Object(App\\Jobs\\SendMail), false)\n#24 D:\\Download\\laragon\\www\\shop\\vendor\\laravel\\framework\\src\\Illuminate\\Pipeline\\Pipeline.php(128): Illuminate\\Queue\\CallQueuedHandler->Illuminate\\Queue\\{closure}(Object(App\\Jobs\\SendMail))\n#25 D:\\Download\\laragon\\www\\shop\\vendor\\laravel\\framework\\src\\Illuminate\\Pipeline\\Pipeline.php(103): Illuminate\\Pipeline\\Pipeline->Illuminate\\Pipeline\\{closure}(Object(App\\Jobs\\SendMail))\n#26 D:\\Download\\laragon\\www\\shop\\vendor\\laravel\\framework\\src\\Illuminate\\Queue\\CallQueuedHandler.php(122): Illuminate\\Pipeline\\Pipeline->then(Object(Closure))\n#27 D:\\Download\\laragon\\www\\shop\\vendor\\laravel\\framework\\src\\Illuminate\\Queue\\CallQueuedHandler.php(70): Illuminate\\Queue\\CallQueuedHandler->dispatchThroughMiddleware(Object(Illuminate\\Queue\\Jobs\\DatabaseJob), Object(App\\Jobs\\SendMail))\n#28 D:\\Download\\laragon\\www\\shop\\vendor\\laravel\\framework\\src\\Illuminate\\Queue\\Jobs\\Job.php(98): Illuminate\\Queue\\CallQueuedHandler->call(Object(Illuminate\\Queue\\Jobs\\DatabaseJob), Array)\n#29 D:\\Download\\laragon\\www\\shop\\vendor\\laravel\\framework\\src\\Illuminate\\Queue\\Worker.php(428): Illuminate\\Queue\\Jobs\\Job->fire()\n#30 D:\\Download\\laragon\\www\\shop\\vendor\\laravel\\framework\\src\\Illuminate\\Queue\\Worker.php(378): Illuminate\\Queue\\Worker->process(\'database\', Object(Illuminate\\Queue\\Jobs\\DatabaseJob), Object(Illuminate\\Queue\\WorkerOptions))\n#31 D:\\Download\\laragon\\www\\shop\\vendor\\laravel\\framework\\src\\Illuminate\\Queue\\Worker.php(172): Illuminate\\Queue\\Worker->runJob(Object(Illuminate\\Queue\\Jobs\\DatabaseJob), \'database\', Object(Illuminate\\Queue\\WorkerOptions))\n#32 D:\\Download\\laragon\\www\\shop\\vendor\\laravel\\framework\\src\\Illuminate\\Queue\\Console\\WorkCommand.php(117): Illuminate\\Queue\\Worker->daemon(\'database\', \'default\', Object(Illuminate\\Queue\\WorkerOptions))\n#33 D:\\Download\\laragon\\www\\shop\\vendor\\laravel\\framework\\src\\Illuminate\\Queue\\Console\\WorkCommand.php(101): Illuminate\\Queue\\Console\\WorkCommand->runWorker(\'database\', \'default\')\n#34 D:\\Download\\laragon\\www\\shop\\vendor\\laravel\\framework\\src\\Illuminate\\Container\\BoundMethod.php(36): Illuminate\\Queue\\Console\\WorkCommand->handle()\n#35 D:\\Download\\laragon\\www\\shop\\vendor\\laravel\\framework\\src\\Illuminate\\Container\\Util.php(40): Illuminate\\Container\\BoundMethod::Illuminate\\Container\\{closure}()\n#36 D:\\Download\\laragon\\www\\shop\\vendor\\laravel\\framework\\src\\Illuminate\\Container\\BoundMethod.php(93): Illuminate\\Container\\Util::unwrapIfClosure(Object(Closure))\n#37 D:\\Download\\laragon\\www\\shop\\vendor\\laravel\\framework\\src\\Illuminate\\Container\\BoundMethod.php(37): Illuminate\\Container\\BoundMethod::callBoundMethod(Object(Illuminate\\Foundation\\Application), Array, Object(Closure))\n#38 D:\\Download\\laragon\\www\\shop\\vendor\\laravel\\framework\\src\\Illuminate\\Container\\Container.php(653): Illuminate\\Container\\BoundMethod::call(Object(Illuminate\\Foundation\\Application), Array, Array, NULL)\n#39 D:\\Download\\laragon\\www\\shop\\vendor\\laravel\\framework\\src\\Illuminate\\Console\\Command.php(136): Illuminate\\Container\\Container->call(Array)\n#40 D:\\Download\\laragon\\www\\shop\\vendor\\symfony\\console\\Command\\Command.php(298): Illuminate\\Console\\Command->execute(Object(Symfony\\Component\\Console\\Input\\ArgvInput), Object(Illuminate\\Console\\OutputStyle))\n#41 D:\\Download\\laragon\\www\\shop\\vendor\\laravel\\framework\\src\\Illuminate\\Console\\Command.php(121): Symfony\\Component\\Console\\Command\\Command->run(Object(Symfony\\Component\\Console\\Input\\ArgvInput), Object(Illuminate\\Console\\OutputStyle))\n#42 D:\\Download\\laragon\\www\\shop\\vendor\\symfony\\console\\Application.php(1028): Illuminate\\Console\\Command->run(Object(Symfony\\Component\\Console\\Input\\ArgvInput), Object(Symfony\\Component\\Console\\Output\\ConsoleOutput))\n#43 D:\\Download\\laragon\\www\\shop\\vendor\\symfony\\console\\Application.php(299): Symfony\\Component\\Console\\Application->doRunCommand(Object(Illuminate\\Queue\\Console\\WorkCommand), Object(Symfony\\Component\\Console\\Input\\ArgvInput), Object(Symfony\\Component\\Console\\Output\\ConsoleOutput))\n#44 D:\\Download\\laragon\\www\\shop\\vendor\\symfony\\console\\Application.php(171): Symfony\\Component\\Console\\Application->doRun(Object(Symfony\\Component\\Console\\Input\\ArgvInput), Object(Symfony\\Component\\Console\\Output\\ConsoleOutput))\n#45 D:\\Download\\laragon\\www\\shop\\vendor\\laravel\\framework\\src\\Illuminate\\Console\\Application.php(94): Symfony\\Component\\Console\\Application->run(Object(Symfony\\Component\\Console\\Input\\ArgvInput), Object(Symfony\\Component\\Console\\Output\\ConsoleOutput))\n#46 D:\\Download\\laragon\\www\\shop\\vendor\\laravel\\framework\\src\\Illuminate\\Foundation\\Console\\Kernel.php(129): Illuminate\\Console\\Application->run(Object(Symfony\\Component\\Console\\Input\\ArgvInput), Object(Symfony\\Component\\Console\\Output\\ConsoleOutput))\n#47 D:\\Download\\laragon\\www\\shop\\artisan(37): Illuminate\\Foundation\\Console\\Kernel->handle(Object(Symfony\\Component\\Console\\Input\\ArgvInput), Object(Symfony\\Component\\Console\\Output\\ConsoleOutput))\n#48 {main}', '2022-10-26 02:06:35'),
(2, '2e280b09-d3ea-4aaf-b4b5-86defab9c83f', 'database', 'default', '{\"uuid\":\"2e280b09-d3ea-4aaf-b4b5-86defab9c83f\",\"displayName\":\"App\\\\Jobs\\\\SendMail\",\"job\":\"Illuminate\\\\Queue\\\\CallQueuedHandler@call\",\"maxTries\":null,\"maxExceptions\":null,\"failOnTimeout\":false,\"backoff\":null,\"timeout\":null,\"retryUntil\":null,\"data\":{\"commandName\":\"App\\\\Jobs\\\\SendMail\",\"command\":\"O:17:\\\"App\\\\Jobs\\\\SendMail\\\":11:{s:8:\\\"\\u0000*\\u0000email\\\";s:28:\\\"nguyenfranxihoahoc@gmail.com\\\";s:3:\\\"job\\\";N;s:10:\\\"connection\\\";N;s:5:\\\"queue\\\";N;s:15:\\\"chainConnection\\\";N;s:10:\\\"chainQueue\\\";N;s:19:\\\"chainCatchCallbacks\\\";N;s:5:\\\"delay\\\";O:25:\\\"Illuminate\\\\Support\\\\Carbon\\\":3:{s:4:\\\"date\\\";s:26:\\\"2022-10-26 09:17:35.255782\\\";s:13:\\\"timezone_type\\\";i:3;s:8:\\\"timezone\\\";s:3:\\\"UTC\\\";}s:11:\\\"afterCommit\\\";N;s:10:\\\"middleware\\\";a:0:{}s:7:\\\"chained\\\";a:0:{}}\"}}', 'Swift_TransportException: Failed to authenticate on SMTP server with username \"nguyenfranxihoahoc@gmail.com\" using 3 possible authenticators. Authenticator LOGIN returned Expected response code 235 but got code \"535\", with message \"535-5.7.8 Username and Password not accepted. Learn more at\r\n535 5.7.8  https://support.google.com/mail/?p=BadCredentials bf11-20020a170902b90b00b00186881688f2sm2478333plb.220 - gsmtp\r\n\". Authenticator PLAIN returned Expected response code 235 but got code \"535\", with message \"535-5.7.8 Username and Password not accepted. Learn more at\r\n535 5.7.8  https://support.google.com/mail/?p=BadCredentials bf11-20020a170902b90b00b00186881688f2sm2478333plb.220 - gsmtp\r\n\". Authenticator XOAUTH2 returned Expected response code 250 but got code \"535\", with message \"535-5.7.8 Username and Password not accepted. Learn more at\r\n535 5.7.8  https://support.google.com/mail/?p=BadCredentials bf11-20020a170902b90b00b00186881688f2sm2478333plb.220 - gsmtp\r\n\". in D:\\Download\\laragon\\www\\shop\\vendor\\swiftmailer\\swiftmailer\\lib\\classes\\Swift\\Transport\\Esmtp\\AuthHandler.php:191\nStack trace:\n#0 D:\\Download\\laragon\\www\\shop\\vendor\\swiftmailer\\swiftmailer\\lib\\classes\\Swift\\Transport\\EsmtpTransport.php(371): Swift_Transport_Esmtp_AuthHandler->afterEhlo(Object(Swift_SmtpTransport))\n#1 D:\\Download\\laragon\\www\\shop\\vendor\\swiftmailer\\swiftmailer\\lib\\classes\\Swift\\Transport\\AbstractSmtpTransport.php(148): Swift_Transport_EsmtpTransport->doHeloCommand()\n#2 D:\\Download\\laragon\\www\\shop\\vendor\\swiftmailer\\swiftmailer\\lib\\classes\\Swift\\Mailer.php(65): Swift_Transport_AbstractSmtpTransport->start()\n#3 D:\\Download\\laragon\\www\\shop\\vendor\\laravel\\framework\\src\\Illuminate\\Mail\\Mailer.php(521): Swift_Mailer->send(Object(Swift_Message), Array)\n#4 D:\\Download\\laragon\\www\\shop\\vendor\\laravel\\framework\\src\\Illuminate\\Mail\\Mailer.php(288): Illuminate\\Mail\\Mailer->sendSwiftMessage(Object(Swift_Message))\n#5 D:\\Download\\laragon\\www\\shop\\vendor\\laravel\\framework\\src\\Illuminate\\Mail\\Mailable.php(187): Illuminate\\Mail\\Mailer->send(\'mail.success\', Array, Object(Closure))\n#6 D:\\Download\\laragon\\www\\shop\\vendor\\laravel\\framework\\src\\Illuminate\\Support\\Traits\\Localizable.php(19): Illuminate\\Mail\\Mailable->Illuminate\\Mail\\{closure}()\n#7 D:\\Download\\laragon\\www\\shop\\vendor\\laravel\\framework\\src\\Illuminate\\Mail\\Mailable.php(188): Illuminate\\Mail\\Mailable->withLocale(NULL, Object(Closure))\n#8 D:\\Download\\laragon\\www\\shop\\vendor\\laravel\\framework\\src\\Illuminate\\Mail\\Mailer.php(304): Illuminate\\Mail\\Mailable->send(Object(Illuminate\\Mail\\Mailer))\n#9 D:\\Download\\laragon\\www\\shop\\vendor\\laravel\\framework\\src\\Illuminate\\Mail\\Mailer.php(258): Illuminate\\Mail\\Mailer->sendMailable(Object(App\\Mail\\OrderShipped))\n#10 D:\\Download\\laragon\\www\\shop\\vendor\\laravel\\framework\\src\\Illuminate\\Mail\\PendingMail.php(124): Illuminate\\Mail\\Mailer->send(Object(App\\Mail\\OrderShipped))\n#11 D:\\Download\\laragon\\www\\shop\\app\\Jobs\\SendMail.php(36): Illuminate\\Mail\\PendingMail->send(Object(App\\Mail\\OrderShipped))\n#12 D:\\Download\\laragon\\www\\shop\\vendor\\laravel\\framework\\src\\Illuminate\\Container\\BoundMethod.php(36): App\\Jobs\\SendMail->handle()\n#13 D:\\Download\\laragon\\www\\shop\\vendor\\laravel\\framework\\src\\Illuminate\\Container\\Util.php(40): Illuminate\\Container\\BoundMethod::Illuminate\\Container\\{closure}()\n#14 D:\\Download\\laragon\\www\\shop\\vendor\\laravel\\framework\\src\\Illuminate\\Container\\BoundMethod.php(93): Illuminate\\Container\\Util::unwrapIfClosure(Object(Closure))\n#15 D:\\Download\\laragon\\www\\shop\\vendor\\laravel\\framework\\src\\Illuminate\\Container\\BoundMethod.php(37): Illuminate\\Container\\BoundMethod::callBoundMethod(Object(Illuminate\\Foundation\\Application), Array, Object(Closure))\n#16 D:\\Download\\laragon\\www\\shop\\vendor\\laravel\\framework\\src\\Illuminate\\Container\\Container.php(653): Illuminate\\Container\\BoundMethod::call(Object(Illuminate\\Foundation\\Application), Array, Array, NULL)\n#17 D:\\Download\\laragon\\www\\shop\\vendor\\laravel\\framework\\src\\Illuminate\\Bus\\Dispatcher.php(128): Illuminate\\Container\\Container->call(Array)\n#18 D:\\Download\\laragon\\www\\shop\\vendor\\laravel\\framework\\src\\Illuminate\\Pipeline\\Pipeline.php(128): Illuminate\\Bus\\Dispatcher->Illuminate\\Bus\\{closure}(Object(App\\Jobs\\SendMail))\n#19 D:\\Download\\laragon\\www\\shop\\vendor\\laravel\\framework\\src\\Illuminate\\Pipeline\\Pipeline.php(103): Illuminate\\Pipeline\\Pipeline->Illuminate\\Pipeline\\{closure}(Object(App\\Jobs\\SendMail))\n#20 D:\\Download\\laragon\\www\\shop\\vendor\\laravel\\framework\\src\\Illuminate\\Bus\\Dispatcher.php(132): Illuminate\\Pipeline\\Pipeline->then(Object(Closure))\n#21 D:\\Download\\laragon\\www\\shop\\vendor\\laravel\\framework\\src\\Illuminate\\Queue\\CallQueuedHandler.php(120): Illuminate\\Bus\\Dispatcher->dispatchNow(Object(App\\Jobs\\SendMail), false)\n#22 D:\\Download\\laragon\\www\\shop\\vendor\\laravel\\framework\\src\\Illuminate\\Pipeline\\Pipeline.php(128): Illuminate\\Queue\\CallQueuedHandler->Illuminate\\Queue\\{closure}(Object(App\\Jobs\\SendMail))\n#23 D:\\Download\\laragon\\www\\shop\\vendor\\laravel\\framework\\src\\Illuminate\\Pipeline\\Pipeline.php(103): Illuminate\\Pipeline\\Pipeline->Illuminate\\Pipeline\\{closure}(Object(App\\Jobs\\SendMail))\n#24 D:\\Download\\laragon\\www\\shop\\vendor\\laravel\\framework\\src\\Illuminate\\Queue\\CallQueuedHandler.php(122): Illuminate\\Pipeline\\Pipeline->then(Object(Closure))\n#25 D:\\Download\\laragon\\www\\shop\\vendor\\laravel\\framework\\src\\Illuminate\\Queue\\CallQueuedHandler.php(70): Illuminate\\Queue\\CallQueuedHandler->dispatchThroughMiddleware(Object(Illuminate\\Queue\\Jobs\\DatabaseJob), Object(App\\Jobs\\SendMail))\n#26 D:\\Download\\laragon\\www\\shop\\vendor\\laravel\\framework\\src\\Illuminate\\Queue\\Jobs\\Job.php(98): Illuminate\\Queue\\CallQueuedHandler->call(Object(Illuminate\\Queue\\Jobs\\DatabaseJob), Array)\n#27 D:\\Download\\laragon\\www\\shop\\vendor\\laravel\\framework\\src\\Illuminate\\Queue\\Worker.php(428): Illuminate\\Queue\\Jobs\\Job->fire()\n#28 D:\\Download\\laragon\\www\\shop\\vendor\\laravel\\framework\\src\\Illuminate\\Queue\\Worker.php(378): Illuminate\\Queue\\Worker->process(\'database\', Object(Illuminate\\Queue\\Jobs\\DatabaseJob), Object(Illuminate\\Queue\\WorkerOptions))\n#29 D:\\Download\\laragon\\www\\shop\\vendor\\laravel\\framework\\src\\Illuminate\\Queue\\Worker.php(172): Illuminate\\Queue\\Worker->runJob(Object(Illuminate\\Queue\\Jobs\\DatabaseJob), \'database\', Object(Illuminate\\Queue\\WorkerOptions))\n#30 D:\\Download\\laragon\\www\\shop\\vendor\\laravel\\framework\\src\\Illuminate\\Queue\\Console\\WorkCommand.php(117): Illuminate\\Queue\\Worker->daemon(\'database\', \'default\', Object(Illuminate\\Queue\\WorkerOptions))\n#31 D:\\Download\\laragon\\www\\shop\\vendor\\laravel\\framework\\src\\Illuminate\\Queue\\Console\\WorkCommand.php(101): Illuminate\\Queue\\Console\\WorkCommand->runWorker(\'database\', \'default\')\n#32 D:\\Download\\laragon\\www\\shop\\vendor\\laravel\\framework\\src\\Illuminate\\Container\\BoundMethod.php(36): Illuminate\\Queue\\Console\\WorkCommand->handle()\n#33 D:\\Download\\laragon\\www\\shop\\vendor\\laravel\\framework\\src\\Illuminate\\Container\\Util.php(40): Illuminate\\Container\\BoundMethod::Illuminate\\Container\\{closure}()\n#34 D:\\Download\\laragon\\www\\shop\\vendor\\laravel\\framework\\src\\Illuminate\\Container\\BoundMethod.php(93): Illuminate\\Container\\Util::unwrapIfClosure(Object(Closure))\n#35 D:\\Download\\laragon\\www\\shop\\vendor\\laravel\\framework\\src\\Illuminate\\Container\\BoundMethod.php(37): Illuminate\\Container\\BoundMethod::callBoundMethod(Object(Illuminate\\Foundation\\Application), Array, Object(Closure))\n#36 D:\\Download\\laragon\\www\\shop\\vendor\\laravel\\framework\\src\\Illuminate\\Container\\Container.php(653): Illuminate\\Container\\BoundMethod::call(Object(Illuminate\\Foundation\\Application), Array, Array, NULL)\n#37 D:\\Download\\laragon\\www\\shop\\vendor\\laravel\\framework\\src\\Illuminate\\Console\\Command.php(136): Illuminate\\Container\\Container->call(Array)\n#38 D:\\Download\\laragon\\www\\shop\\vendor\\symfony\\console\\Command\\Command.php(298): Illuminate\\Console\\Command->execute(Object(Symfony\\Component\\Console\\Input\\ArgvInput), Object(Illuminate\\Console\\OutputStyle))\n#39 D:\\Download\\laragon\\www\\shop\\vendor\\laravel\\framework\\src\\Illuminate\\Console\\Command.php(121): Symfony\\Component\\Console\\Command\\Command->run(Object(Symfony\\Component\\Console\\Input\\ArgvInput), Object(Illuminate\\Console\\OutputStyle))\n#40 D:\\Download\\laragon\\www\\shop\\vendor\\symfony\\console\\Application.php(1028): Illuminate\\Console\\Command->run(Object(Symfony\\Component\\Console\\Input\\ArgvInput), Object(Symfony\\Component\\Console\\Output\\ConsoleOutput))\n#41 D:\\Download\\laragon\\www\\shop\\vendor\\symfony\\console\\Application.php(299): Symfony\\Component\\Console\\Application->doRunCommand(Object(Illuminate\\Queue\\Console\\WorkCommand), Object(Symfony\\Component\\Console\\Input\\ArgvInput), Object(Symfony\\Component\\Console\\Output\\ConsoleOutput))\n#42 D:\\Download\\laragon\\www\\shop\\vendor\\symfony\\console\\Application.php(171): Symfony\\Component\\Console\\Application->doRun(Object(Symfony\\Component\\Console\\Input\\ArgvInput), Object(Symfony\\Component\\Console\\Output\\ConsoleOutput))\n#43 D:\\Download\\laragon\\www\\shop\\vendor\\laravel\\framework\\src\\Illuminate\\Console\\Application.php(94): Symfony\\Component\\Console\\Application->run(Object(Symfony\\Component\\Console\\Input\\ArgvInput), Object(Symfony\\Component\\Console\\Output\\ConsoleOutput))\n#44 D:\\Download\\laragon\\www\\shop\\vendor\\laravel\\framework\\src\\Illuminate\\Foundation\\Console\\Kernel.php(129): Illuminate\\Console\\Application->run(Object(Symfony\\Component\\Console\\Input\\ArgvInput), Object(Symfony\\Component\\Console\\Output\\ConsoleOutput))\n#45 D:\\Download\\laragon\\www\\shop\\artisan(37): Illuminate\\Foundation\\Console\\Kernel->handle(Object(Symfony\\Component\\Console\\Input\\ArgvInput), Object(Symfony\\Component\\Console\\Output\\ConsoleOutput))\n#46 {main}', '2022-10-26 02:22:40'),
(3, '5051eb85-2358-4f3e-96c9-c124a9762ef9', 'database', 'default', '{\"uuid\":\"5051eb85-2358-4f3e-96c9-c124a9762ef9\",\"displayName\":\"App\\\\Jobs\\\\SendMail\",\"job\":\"Illuminate\\\\Queue\\\\CallQueuedHandler@call\",\"maxTries\":null,\"maxExceptions\":null,\"failOnTimeout\":false,\"backoff\":null,\"timeout\":null,\"retryUntil\":null,\"data\":{\"commandName\":\"App\\\\Jobs\\\\SendMail\",\"command\":\"O:17:\\\"App\\\\Jobs\\\\SendMail\\\":11:{s:8:\\\"\\u0000*\\u0000email\\\";s:28:\\\"nguyenfranxihoahoc@gmail.com\\\";s:3:\\\"job\\\";N;s:10:\\\"connection\\\";N;s:5:\\\"queue\\\";N;s:15:\\\"chainConnection\\\";N;s:10:\\\"chainQueue\\\";N;s:19:\\\"chainCatchCallbacks\\\";N;s:5:\\\"delay\\\";O:25:\\\"Illuminate\\\\Support\\\\Carbon\\\":3:{s:4:\\\"date\\\";s:26:\\\"2022-10-26 09:23:02.962100\\\";s:13:\\\"timezone_type\\\";i:3;s:8:\\\"timezone\\\";s:3:\\\"UTC\\\";}s:11:\\\"afterCommit\\\";N;s:10:\\\"middleware\\\";a:0:{}s:7:\\\"chained\\\";a:0:{}}\"}}', 'Swift_TransportException: Failed to authenticate on SMTP server with username \"nguyenfranxihoahoc@gmail.com\" using 3 possible authenticators. Authenticator LOGIN returned Expected response code 235 but got code \"535\", with message \"535-5.7.8 Username and Password not accepted. Learn more at\r\n535 5.7.8  https://support.google.com/mail/?p=BadCredentials b11-20020a1709027e0b00b00186e34524e3sm198593plm.136 - gsmtp\r\n\". Authenticator PLAIN returned Expected response code 235 but got code \"535\", with message \"535-5.7.8 Username and Password not accepted. Learn more at\r\n535 5.7.8  https://support.google.com/mail/?p=BadCredentials b11-20020a1709027e0b00b00186e34524e3sm198593plm.136 - gsmtp\r\n\". Authenticator XOAUTH2 returned Expected response code 250 but got code \"535\", with message \"535-5.7.8 Username and Password not accepted. Learn more at\r\n535 5.7.8  https://support.google.com/mail/?p=BadCredentials b11-20020a1709027e0b00b00186e34524e3sm198593plm.136 - gsmtp\r\n\". in D:\\Download\\laragon\\www\\shop\\vendor\\swiftmailer\\swiftmailer\\lib\\classes\\Swift\\Transport\\Esmtp\\AuthHandler.php:191\nStack trace:\n#0 D:\\Download\\laragon\\www\\shop\\vendor\\swiftmailer\\swiftmailer\\lib\\classes\\Swift\\Transport\\EsmtpTransport.php(371): Swift_Transport_Esmtp_AuthHandler->afterEhlo(Object(Swift_SmtpTransport))\n#1 D:\\Download\\laragon\\www\\shop\\vendor\\swiftmailer\\swiftmailer\\lib\\classes\\Swift\\Transport\\AbstractSmtpTransport.php(148): Swift_Transport_EsmtpTransport->doHeloCommand()\n#2 D:\\Download\\laragon\\www\\shop\\vendor\\swiftmailer\\swiftmailer\\lib\\classes\\Swift\\Mailer.php(65): Swift_Transport_AbstractSmtpTransport->start()\n#3 D:\\Download\\laragon\\www\\shop\\vendor\\laravel\\framework\\src\\Illuminate\\Mail\\Mailer.php(521): Swift_Mailer->send(Object(Swift_Message), Array)\n#4 D:\\Download\\laragon\\www\\shop\\vendor\\laravel\\framework\\src\\Illuminate\\Mail\\Mailer.php(288): Illuminate\\Mail\\Mailer->sendSwiftMessage(Object(Swift_Message))\n#5 D:\\Download\\laragon\\www\\shop\\vendor\\laravel\\framework\\src\\Illuminate\\Mail\\Mailable.php(187): Illuminate\\Mail\\Mailer->send(\'mail.success\', Array, Object(Closure))\n#6 D:\\Download\\laragon\\www\\shop\\vendor\\laravel\\framework\\src\\Illuminate\\Support\\Traits\\Localizable.php(19): Illuminate\\Mail\\Mailable->Illuminate\\Mail\\{closure}()\n#7 D:\\Download\\laragon\\www\\shop\\vendor\\laravel\\framework\\src\\Illuminate\\Mail\\Mailable.php(188): Illuminate\\Mail\\Mailable->withLocale(NULL, Object(Closure))\n#8 D:\\Download\\laragon\\www\\shop\\vendor\\laravel\\framework\\src\\Illuminate\\Mail\\Mailer.php(304): Illuminate\\Mail\\Mailable->send(Object(Illuminate\\Mail\\Mailer))\n#9 D:\\Download\\laragon\\www\\shop\\vendor\\laravel\\framework\\src\\Illuminate\\Mail\\Mailer.php(258): Illuminate\\Mail\\Mailer->sendMailable(Object(App\\Mail\\OrderShipped))\n#10 D:\\Download\\laragon\\www\\shop\\vendor\\laravel\\framework\\src\\Illuminate\\Mail\\PendingMail.php(124): Illuminate\\Mail\\Mailer->send(Object(App\\Mail\\OrderShipped))\n#11 D:\\Download\\laragon\\www\\shop\\app\\Jobs\\SendMail.php(36): Illuminate\\Mail\\PendingMail->send(Object(App\\Mail\\OrderShipped))\n#12 D:\\Download\\laragon\\www\\shop\\vendor\\laravel\\framework\\src\\Illuminate\\Container\\BoundMethod.php(36): App\\Jobs\\SendMail->handle()\n#13 D:\\Download\\laragon\\www\\shop\\vendor\\laravel\\framework\\src\\Illuminate\\Container\\Util.php(40): Illuminate\\Container\\BoundMethod::Illuminate\\Container\\{closure}()\n#14 D:\\Download\\laragon\\www\\shop\\vendor\\laravel\\framework\\src\\Illuminate\\Container\\BoundMethod.php(93): Illuminate\\Container\\Util::unwrapIfClosure(Object(Closure))\n#15 D:\\Download\\laragon\\www\\shop\\vendor\\laravel\\framework\\src\\Illuminate\\Container\\BoundMethod.php(37): Illuminate\\Container\\BoundMethod::callBoundMethod(Object(Illuminate\\Foundation\\Application), Array, Object(Closure))\n#16 D:\\Download\\laragon\\www\\shop\\vendor\\laravel\\framework\\src\\Illuminate\\Container\\Container.php(653): Illuminate\\Container\\BoundMethod::call(Object(Illuminate\\Foundation\\Application), Array, Array, NULL)\n#17 D:\\Download\\laragon\\www\\shop\\vendor\\laravel\\framework\\src\\Illuminate\\Bus\\Dispatcher.php(128): Illuminate\\Container\\Container->call(Array)\n#18 D:\\Download\\laragon\\www\\shop\\vendor\\laravel\\framework\\src\\Illuminate\\Pipeline\\Pipeline.php(128): Illuminate\\Bus\\Dispatcher->Illuminate\\Bus\\{closure}(Object(App\\Jobs\\SendMail))\n#19 D:\\Download\\laragon\\www\\shop\\vendor\\laravel\\framework\\src\\Illuminate\\Pipeline\\Pipeline.php(103): Illuminate\\Pipeline\\Pipeline->Illuminate\\Pipeline\\{closure}(Object(App\\Jobs\\SendMail))\n#20 D:\\Download\\laragon\\www\\shop\\vendor\\laravel\\framework\\src\\Illuminate\\Bus\\Dispatcher.php(132): Illuminate\\Pipeline\\Pipeline->then(Object(Closure))\n#21 D:\\Download\\laragon\\www\\shop\\vendor\\laravel\\framework\\src\\Illuminate\\Queue\\CallQueuedHandler.php(120): Illuminate\\Bus\\Dispatcher->dispatchNow(Object(App\\Jobs\\SendMail), false)\n#22 D:\\Download\\laragon\\www\\shop\\vendor\\laravel\\framework\\src\\Illuminate\\Pipeline\\Pipeline.php(128): Illuminate\\Queue\\CallQueuedHandler->Illuminate\\Queue\\{closure}(Object(App\\Jobs\\SendMail))\n#23 D:\\Download\\laragon\\www\\shop\\vendor\\laravel\\framework\\src\\Illuminate\\Pipeline\\Pipeline.php(103): Illuminate\\Pipeline\\Pipeline->Illuminate\\Pipeline\\{closure}(Object(App\\Jobs\\SendMail))\n#24 D:\\Download\\laragon\\www\\shop\\vendor\\laravel\\framework\\src\\Illuminate\\Queue\\CallQueuedHandler.php(122): Illuminate\\Pipeline\\Pipeline->then(Object(Closure))\n#25 D:\\Download\\laragon\\www\\shop\\vendor\\laravel\\framework\\src\\Illuminate\\Queue\\CallQueuedHandler.php(70): Illuminate\\Queue\\CallQueuedHandler->dispatchThroughMiddleware(Object(Illuminate\\Queue\\Jobs\\DatabaseJob), Object(App\\Jobs\\SendMail))\n#26 D:\\Download\\laragon\\www\\shop\\vendor\\laravel\\framework\\src\\Illuminate\\Queue\\Jobs\\Job.php(98): Illuminate\\Queue\\CallQueuedHandler->call(Object(Illuminate\\Queue\\Jobs\\DatabaseJob), Array)\n#27 D:\\Download\\laragon\\www\\shop\\vendor\\laravel\\framework\\src\\Illuminate\\Queue\\Worker.php(428): Illuminate\\Queue\\Jobs\\Job->fire()\n#28 D:\\Download\\laragon\\www\\shop\\vendor\\laravel\\framework\\src\\Illuminate\\Queue\\Worker.php(378): Illuminate\\Queue\\Worker->process(\'database\', Object(Illuminate\\Queue\\Jobs\\DatabaseJob), Object(Illuminate\\Queue\\WorkerOptions))\n#29 D:\\Download\\laragon\\www\\shop\\vendor\\laravel\\framework\\src\\Illuminate\\Queue\\Worker.php(172): Illuminate\\Queue\\Worker->runJob(Object(Illuminate\\Queue\\Jobs\\DatabaseJob), \'database\', Object(Illuminate\\Queue\\WorkerOptions))\n#30 D:\\Download\\laragon\\www\\shop\\vendor\\laravel\\framework\\src\\Illuminate\\Queue\\Console\\WorkCommand.php(117): Illuminate\\Queue\\Worker->daemon(\'database\', \'default\', Object(Illuminate\\Queue\\WorkerOptions))\n#31 D:\\Download\\laragon\\www\\shop\\vendor\\laravel\\framework\\src\\Illuminate\\Queue\\Console\\WorkCommand.php(101): Illuminate\\Queue\\Console\\WorkCommand->runWorker(\'database\', \'default\')\n#32 D:\\Download\\laragon\\www\\shop\\vendor\\laravel\\framework\\src\\Illuminate\\Container\\BoundMethod.php(36): Illuminate\\Queue\\Console\\WorkCommand->handle()\n#33 D:\\Download\\laragon\\www\\shop\\vendor\\laravel\\framework\\src\\Illuminate\\Container\\Util.php(40): Illuminate\\Container\\BoundMethod::Illuminate\\Container\\{closure}()\n#34 D:\\Download\\laragon\\www\\shop\\vendor\\laravel\\framework\\src\\Illuminate\\Container\\BoundMethod.php(93): Illuminate\\Container\\Util::unwrapIfClosure(Object(Closure))\n#35 D:\\Download\\laragon\\www\\shop\\vendor\\laravel\\framework\\src\\Illuminate\\Container\\BoundMethod.php(37): Illuminate\\Container\\BoundMethod::callBoundMethod(Object(Illuminate\\Foundation\\Application), Array, Object(Closure))\n#36 D:\\Download\\laragon\\www\\shop\\vendor\\laravel\\framework\\src\\Illuminate\\Container\\Container.php(653): Illuminate\\Container\\BoundMethod::call(Object(Illuminate\\Foundation\\Application), Array, Array, NULL)\n#37 D:\\Download\\laragon\\www\\shop\\vendor\\laravel\\framework\\src\\Illuminate\\Console\\Command.php(136): Illuminate\\Container\\Container->call(Array)\n#38 D:\\Download\\laragon\\www\\shop\\vendor\\symfony\\console\\Command\\Command.php(298): Illuminate\\Console\\Command->execute(Object(Symfony\\Component\\Console\\Input\\ArgvInput), Object(Illuminate\\Console\\OutputStyle))\n#39 D:\\Download\\laragon\\www\\shop\\vendor\\laravel\\framework\\src\\Illuminate\\Console\\Command.php(121): Symfony\\Component\\Console\\Command\\Command->run(Object(Symfony\\Component\\Console\\Input\\ArgvInput), Object(Illuminate\\Console\\OutputStyle))\n#40 D:\\Download\\laragon\\www\\shop\\vendor\\symfony\\console\\Application.php(1028): Illuminate\\Console\\Command->run(Object(Symfony\\Component\\Console\\Input\\ArgvInput), Object(Symfony\\Component\\Console\\Output\\ConsoleOutput))\n#41 D:\\Download\\laragon\\www\\shop\\vendor\\symfony\\console\\Application.php(299): Symfony\\Component\\Console\\Application->doRunCommand(Object(Illuminate\\Queue\\Console\\WorkCommand), Object(Symfony\\Component\\Console\\Input\\ArgvInput), Object(Symfony\\Component\\Console\\Output\\ConsoleOutput))\n#42 D:\\Download\\laragon\\www\\shop\\vendor\\symfony\\console\\Application.php(171): Symfony\\Component\\Console\\Application->doRun(Object(Symfony\\Component\\Console\\Input\\ArgvInput), Object(Symfony\\Component\\Console\\Output\\ConsoleOutput))\n#43 D:\\Download\\laragon\\www\\shop\\vendor\\laravel\\framework\\src\\Illuminate\\Console\\Application.php(94): Symfony\\Component\\Console\\Application->run(Object(Symfony\\Component\\Console\\Input\\ArgvInput), Object(Symfony\\Component\\Console\\Output\\ConsoleOutput))\n#44 D:\\Download\\laragon\\www\\shop\\vendor\\laravel\\framework\\src\\Illuminate\\Foundation\\Console\\Kernel.php(129): Illuminate\\Console\\Application->run(Object(Symfony\\Component\\Console\\Input\\ArgvInput), Object(Symfony\\Component\\Console\\Output\\ConsoleOutput))\n#45 D:\\Download\\laragon\\www\\shop\\artisan(37): Illuminate\\Foundation\\Console\\Kernel->handle(Object(Symfony\\Component\\Console\\Input\\ArgvInput), Object(Symfony\\Component\\Console\\Output\\ConsoleOutput))\n#46 {main}', '2022-10-26 02:23:08'),
(4, '722107ae-ad66-4f2d-ae5d-779400d60242', 'database', 'default', '{\"uuid\":\"722107ae-ad66-4f2d-ae5d-779400d60242\",\"displayName\":\"App\\\\Jobs\\\\SendMail\",\"job\":\"Illuminate\\\\Queue\\\\CallQueuedHandler@call\",\"maxTries\":null,\"maxExceptions\":null,\"failOnTimeout\":false,\"backoff\":null,\"timeout\":null,\"retryUntil\":null,\"data\":{\"commandName\":\"App\\\\Jobs\\\\SendMail\",\"command\":\"O:17:\\\"App\\\\Jobs\\\\SendMail\\\":11:{s:8:\\\"\\u0000*\\u0000email\\\";s:28:\\\"nguyenfranxihoahoc@gmail.com\\\";s:3:\\\"job\\\";N;s:10:\\\"connection\\\";N;s:5:\\\"queue\\\";N;s:15:\\\"chainConnection\\\";N;s:10:\\\"chainQueue\\\";N;s:19:\\\"chainCatchCallbacks\\\";N;s:5:\\\"delay\\\";O:25:\\\"Illuminate\\\\Support\\\\Carbon\\\":3:{s:4:\\\"date\\\";s:26:\\\"2022-10-26 09:33:25.517389\\\";s:13:\\\"timezone_type\\\";i:3;s:8:\\\"timezone\\\";s:3:\\\"UTC\\\";}s:11:\\\"afterCommit\\\";N;s:10:\\\"middleware\\\";a:0:{}s:7:\\\"chained\\\";a:0:{}}\"}}', 'Swift_TransportException: Failed to authenticate on SMTP server with username \"nguyenfranxihoahoc@gmail.com\" using 3 possible authenticators. Authenticator LOGIN returned Expected response code 235 but got code \"535\", with message \"535-5.7.8 Username and Password not accepted. Learn more at\r\n535 5.7.8  https://support.google.com/mail/?p=BadCredentials x11-20020a170902ec8b00b00177fb862a87sm2548121plg.20 - gsmtp\r\n\". Authenticator PLAIN returned Expected response code 235 but got code \"535\", with message \"535-5.7.8 Username and Password not accepted. Learn more at\r\n535 5.7.8  https://support.google.com/mail/?p=BadCredentials x11-20020a170902ec8b00b00177fb862a87sm2548121plg.20 - gsmtp\r\n\". Authenticator XOAUTH2 returned Expected response code 250 but got code \"535\", with message \"535-5.7.8 Username and Password not accepted. Learn more at\r\n535 5.7.8  https://support.google.com/mail/?p=BadCredentials x11-20020a170902ec8b00b00177fb862a87sm2548121plg.20 - gsmtp\r\n\". in D:\\Download\\laragon\\www\\shop\\vendor\\swiftmailer\\swiftmailer\\lib\\classes\\Swift\\Transport\\Esmtp\\AuthHandler.php:191\r\nStack trace:\r\n#0 D:\\Download\\laragon\\www\\shop\\vendor\\swiftmailer\\swiftmailer\\lib\\classes\\Swift\\Transport\\EsmtpTransport.php(371): Swift_Transport_Esmtp_AuthHandler->afterEhlo(Object(Swift_SmtpTransport))\r\n#1 D:\\Download\\laragon\\www\\shop\\vendor\\swiftmailer\\swiftmailer\\lib\\classes\\Swift\\Transport\\AbstractSmtpTransport.php(148): Swift_Transport_EsmtpTransport->doHeloCommand()\r\n#2 D:\\Download\\laragon\\www\\shop\\vendor\\swiftmailer\\swiftmailer\\lib\\classes\\Swift\\Mailer.php(65): Swift_Transport_AbstractSmtpTransport->start()\r\n#3 D:\\Download\\laragon\\www\\shop\\vendor\\laravel\\framework\\src\\Illuminate\\Mail\\Mailer.php(521): Swift_Mailer->send(Object(Swift_Message), Array)\r\n#4 D:\\Download\\laragon\\www\\shop\\vendor\\laravel\\framework\\src\\Illuminate\\Mail\\Mailer.php(288): Illuminate\\Mail\\Mailer->sendSwiftMessage(Object(Swift_Message))\r\n#5 D:\\Download\\laragon\\www\\shop\\vendor\\laravel\\framework\\src\\Illuminate\\Mail\\Mailable.php(187): Illuminate\\Mail\\Mailer->send(\'mail.success\', Array, Object(Closure))\r\n#6 D:\\Download\\laragon\\www\\shop\\vendor\\laravel\\framework\\src\\Illuminate\\Support\\Traits\\Localizable.php(19): Illuminate\\Mail\\Mailable->Illuminate\\Mail\\{closure}()\r\n#7 D:\\Download\\laragon\\www\\shop\\vendor\\laravel\\framework\\src\\Illuminate\\Mail\\Mailable.php(188): Illuminate\\Mail\\Mailable->withLocale(NULL, Object(Closure))\r\n#8 D:\\Download\\laragon\\www\\shop\\vendor\\laravel\\framework\\src\\Illuminate\\Mail\\Mailer.php(304): Illuminate\\Mail\\Mailable->send(Object(Illuminate\\Mail\\Mailer))\r\n#9 D:\\Download\\laragon\\www\\shop\\vendor\\laravel\\framework\\src\\Illuminate\\Mail\\Mailer.php(258): Illuminate\\Mail\\Mailer->sendMailable(Object(App\\Mail\\OrderShipped))\r\n#10 D:\\Download\\laragon\\www\\shop\\vendor\\laravel\\framework\\src\\Illuminate\\Mail\\PendingMail.php(124): Illuminate\\Mail\\Mailer->send(Object(App\\Mail\\OrderShipped))\r\n#11 D:\\Download\\laragon\\www\\shop\\app\\Jobs\\SendMail.php(36): Illuminate\\Mail\\PendingMail->send(Object(App\\Mail\\OrderShipped))\r\n#12 D:\\Download\\laragon\\www\\shop\\vendor\\laravel\\framework\\src\\Illuminate\\Container\\BoundMethod.php(36): App\\Jobs\\SendMail->handle()\r\n#13 D:\\Download\\laragon\\www\\shop\\vendor\\laravel\\framework\\src\\Illuminate\\Container\\Util.php(40): Illuminate\\Container\\BoundMethod::Illuminate\\Container\\{closure}()\r\n#14 D:\\Download\\laragon\\www\\shop\\vendor\\laravel\\framework\\src\\Illuminate\\Container\\BoundMethod.php(93): Illuminate\\Container\\Util::unwrapIfClosure(Object(Closure))\r\n#15 D:\\Download\\laragon\\www\\shop\\vendor\\laravel\\framework\\src\\Illuminate\\Container\\BoundMethod.php(37): Illuminate\\Container\\BoundMethod::callBoundMethod(Object(Illuminate\\Foundation\\Application), Array, Object(Closure))\r\n#16 D:\\Download\\laragon\\www\\shop\\vendor\\laravel\\framework\\src\\Illuminate\\Container\\Container.php(653): Illuminate\\Container\\BoundMethod::call(Object(Illuminate\\Foundation\\Application), Array, Array, NULL)\r\n#17 D:\\Download\\laragon\\www\\shop\\vendor\\laravel\\framework\\src\\Illuminate\\Bus\\Dispatcher.php(128): Illuminate\\Container\\Container->call(Array)\r\n#18 D:\\Download\\laragon\\www\\shop\\vendor\\laravel\\framework\\src\\Illuminate\\Pipeline\\Pipeline.php(128): Illuminate\\Bus\\Dispatcher->Illuminate\\Bus\\{closure}(Object(App\\Jobs\\SendMail))\r\n#19 D:\\Download\\laragon\\www\\shop\\vendor\\laravel\\framework\\src\\Illuminate\\Pipeline\\Pipeline.php(103): Illuminate\\Pipeline\\Pipeline->Illuminate\\Pipeline\\{closure}(Object(App\\Jobs\\SendMail))\r\n#20 D:\\Download\\laragon\\www\\shop\\vendor\\laravel\\framework\\src\\Illuminate\\Bus\\Dispatcher.php(132): Illuminate\\Pipeline\\Pipeline->then(Object(Closure))\r\n#21 D:\\Download\\laragon\\www\\shop\\vendor\\laravel\\framework\\src\\Illuminate\\Queue\\CallQueuedHandler.php(120): Illuminate\\Bus\\Dispatcher->dispatchNow(Object(App\\Jobs\\SendMail), false)\r\n#22 D:\\Download\\laragon\\www\\shop\\vendor\\laravel\\framework\\src\\Illuminate\\Pipeline\\Pipeline.php(128): Illuminate\\Queue\\CallQueuedHandler->Illuminate\\Queue\\{closure}(Object(App\\Jobs\\SendMail))\r\n#23 D:\\Download\\laragon\\www\\shop\\vendor\\laravel\\framework\\src\\Illuminate\\Pipeline\\Pipeline.php(103): Illuminate\\Pipeline\\Pipeline->Illuminate\\Pipeline\\{closure}(Object(App\\Jobs\\SendMail))\r\n#24 D:\\Download\\laragon\\www\\shop\\vendor\\laravel\\framework\\src\\Illuminate\\Queue\\CallQueuedHandler.php(122): Illuminate\\Pipeline\\Pipeline->then(Object(Closure))\r\n#25 D:\\Download\\laragon\\www\\shop\\vendor\\laravel\\framework\\src\\Illuminate\\Queue\\CallQueuedHandler.php(70): Illuminate\\Queue\\CallQueuedHandler->dispatchThroughMiddleware(Object(Illuminate\\Queue\\Jobs\\DatabaseJob), Object(App\\Jobs\\SendMail))\r\n#26 D:\\Download\\laragon\\www\\shop\\vendor\\laravel\\framework\\src\\Illuminate\\Queue\\Jobs\\Job.php(98): Illuminate\\Queue\\CallQueuedHandler->call(Object(Illuminate\\Queue\\Jobs\\DatabaseJob), Array)\r\n#27 D:\\Download\\laragon\\www\\shop\\vendor\\laravel\\framework\\src\\Illuminate\\Queue\\Worker.php(428): Illuminate\\Queue\\Jobs\\Job->fire()\r\n#28 D:\\Download\\laragon\\www\\shop\\vendor\\laravel\\framework\\src\\Illuminate\\Queue\\Worker.php(378): Illuminate\\Queue\\Worker->process(\'database\', Object(Illuminate\\Queue\\Jobs\\DatabaseJob), Object(Illuminate\\Queue\\WorkerOptions))\r\n#29 D:\\Download\\laragon\\www\\shop\\vendor\\laravel\\framework\\src\\Illuminate\\Queue\\Worker.php(172): Illuminate\\Queue\\Worker->runJob(Object(Illuminate\\Queue\\Jobs\\DatabaseJob), \'database\', Object(Illuminate\\Queue\\WorkerOptions))\r\n#30 D:\\Download\\laragon\\www\\shop\\vendor\\laravel\\framework\\src\\Illuminate\\Queue\\Console\\WorkCommand.php(117): Illuminate\\Queue\\Worker->daemon(\'database\', \'default\', Object(Illuminate\\Queue\\WorkerOptions))\r\n#31 D:\\Download\\laragon\\www\\shop\\vendor\\laravel\\framework\\src\\Illuminate\\Queue\\Console\\WorkCommand.php(101): Illuminate\\Queue\\Console\\WorkCommand->runWorker(\'database\', \'default\')\r\n#32 D:\\Download\\laragon\\www\\shop\\vendor\\laravel\\framework\\src\\Illuminate\\Container\\BoundMethod.php(36): Illuminate\\Queue\\Console\\WorkCommand->handle()\r\n#33 D:\\Download\\laragon\\www\\shop\\vendor\\laravel\\framework\\src\\Illuminate\\Container\\Util.php(40): Illuminate\\Container\\BoundMethod::Illuminate\\Container\\{closure}()\r\n#34 D:\\Download\\laragon\\www\\shop\\vendor\\laravel\\framework\\src\\Illuminate\\Container\\BoundMethod.php(93): Illuminate\\Container\\Util::unwrapIfClosure(Object(Closure))\r\n#35 D:\\Download\\laragon\\www\\shop\\vendor\\laravel\\framework\\src\\Illuminate\\Container\\BoundMethod.php(37): Illuminate\\Container\\BoundMethod::callBoundMethod(Object(Illuminate\\Foundation\\Application), Array, Object(Closure))\r\n#36 D:\\Download\\laragon\\www\\shop\\vendor\\laravel\\framework\\src\\Illuminate\\Container\\Container.php(653): Illuminate\\Container\\BoundMethod::call(Object(Illuminate\\Foundation\\Application), Array, Array, NULL)\r\n#37 D:\\Download\\laragon\\www\\shop\\vendor\\laravel\\framework\\src\\Illuminate\\Console\\Command.php(136): Illuminate\\Container\\Container->call(Array)\r\n#38 D:\\Download\\laragon\\www\\shop\\vendor\\symfony\\console\\Command\\Command.php(298): Illuminate\\Console\\Command->execute(Object(Symfony\\Component\\Console\\Input\\ArgvInput), Object(Illuminate\\Console\\OutputStyle))\r\n#39 D:\\Download\\laragon\\www\\shop\\vendor\\laravel\\framework\\src\\Illuminate\\Console\\Command.php(121): Symfony\\Component\\Console\\Command\\Command->run(Object(Symfony\\Component\\Console\\Input\\ArgvInput), Object(Illuminate\\Console\\OutputStyle))\r\n#40 D:\\Download\\laragon\\www\\shop\\vendor\\symfony\\console\\Application.php(1028): Illuminate\\Console\\Command->run(Object(Symfony\\Component\\Console\\Input\\ArgvInput), Object(Symfony\\Component\\Console\\Output\\ConsoleOutput))\r\n#41 D:\\Download\\laragon\\www\\shop\\vendor\\symfony\\console\\Application.php(299): Symfony\\Component\\Console\\Application->doRunCommand(Object(Illuminate\\Queue\\Console\\WorkCommand), Object(Symfony\\Component\\Console\\Input\\ArgvInput), Object(Symfony\\Component\\Console\\Output\\ConsoleOutput))\r\n#42 D:\\Download\\laragon\\www\\shop\\vendor\\symfony\\console\\Application.php(171): Symfony\\Component\\Console\\Application->doRun(Object(Symfony\\Component\\Console\\Input\\ArgvInput), Object(Symfony\\Component\\Console\\Output\\ConsoleOutput))\r\n#43 D:\\Download\\laragon\\www\\shop\\vendor\\laravel\\framework\\src\\Illuminate\\Console\\Application.php(94): Symfony\\Component\\Console\\Application->run(Object(Symfony\\Component\\Console\\Input\\ArgvInput), Object(Symfony\\Component\\Console\\Output\\ConsoleOutput))\r\n#44 D:\\Download\\laragon\\www\\shop\\vendor\\laravel\\framework\\src\\Illuminate\\Foundation\\Console\\Kernel.php(129): Illuminate\\Console\\Application->run(Object(Symfony\\Component\\Console\\Input\\ArgvInput), Object(Symfony\\Component\\Console\\Output\\ConsoleOutput))\r\n#45 D:\\Download\\laragon\\www\\shop\\artisan(37): Illuminate\\Foundation\\Console\\Kernel->handle(Object(Symfony\\Component\\Console\\Input\\ArgvInput), Object(Symfony\\Component\\Console\\Output\\ConsoleOutput))\r\n#46 {main}', '2022-10-26 02:33:33');
INSERT INTO `failed_jobs` (`id`, `uuid`, `connection`, `queue`, `payload`, `exception`, `failed_at`) VALUES
(5, 'd85effe9-0b4f-465e-909f-09b799e37481', 'database', 'default', '{\"uuid\":\"d85effe9-0b4f-465e-909f-09b799e37481\",\"displayName\":\"App\\\\Jobs\\\\SendMail\",\"job\":\"Illuminate\\\\Queue\\\\CallQueuedHandler@call\",\"maxTries\":null,\"maxExceptions\":null,\"failOnTimeout\":false,\"backoff\":null,\"timeout\":null,\"retryUntil\":null,\"data\":{\"commandName\":\"App\\\\Jobs\\\\SendMail\",\"command\":\"O:17:\\\"App\\\\Jobs\\\\SendMail\\\":11:{s:8:\\\"\\u0000*\\u0000email\\\";s:14:\\\"kiet@gmail.com\\\";s:3:\\\"job\\\";N;s:10:\\\"connection\\\";N;s:5:\\\"queue\\\";N;s:15:\\\"chainConnection\\\";N;s:10:\\\"chainQueue\\\";N;s:19:\\\"chainCatchCallbacks\\\";N;s:5:\\\"delay\\\";O:25:\\\"Illuminate\\\\Support\\\\Carbon\\\":3:{s:4:\\\"date\\\";s:26:\\\"2022-10-26 09:38:02.491373\\\";s:13:\\\"timezone_type\\\";i:3;s:8:\\\"timezone\\\";s:3:\\\"UTC\\\";}s:11:\\\"afterCommit\\\";N;s:10:\\\"middleware\\\";a:0:{}s:7:\\\"chained\\\";a:0:{}}\"}}', 'Swift_TransportException: Failed to authenticate on SMTP server with username \"nguyenfranxihoahoc@gmail.com\" using 3 possible authenticators. Authenticator LOGIN returned Expected response code 235 but got code \"535\", with message \"535-5.7.8 Username and Password not accepted. Learn more at\r\n535 5.7.8  https://support.google.com/mail/?p=BadCredentials t4-20020a170902d14400b0017dd839f2a5sm2527790plt.38 - gsmtp\r\n\". Authenticator PLAIN returned Expected response code 235 but got code \"535\", with message \"535-5.7.8 Username and Password not accepted. Learn more at\r\n535 5.7.8  https://support.google.com/mail/?p=BadCredentials t4-20020a170902d14400b0017dd839f2a5sm2527790plt.38 - gsmtp\r\n\". Authenticator XOAUTH2 returned Expected response code 250 but got code \"535\", with message \"535-5.7.8 Username and Password not accepted. Learn more at\r\n535 5.7.8  https://support.google.com/mail/?p=BadCredentials t4-20020a170902d14400b0017dd839f2a5sm2527790plt.38 - gsmtp\r\n\". in D:\\Download\\laragon\\www\\shop\\vendor\\swiftmailer\\swiftmailer\\lib\\classes\\Swift\\Transport\\Esmtp\\AuthHandler.php:191\nStack trace:\n#0 D:\\Download\\laragon\\www\\shop\\vendor\\swiftmailer\\swiftmailer\\lib\\classes\\Swift\\Transport\\EsmtpTransport.php(371): Swift_Transport_Esmtp_AuthHandler->afterEhlo(Object(Swift_SmtpTransport))\n#1 D:\\Download\\laragon\\www\\shop\\vendor\\swiftmailer\\swiftmailer\\lib\\classes\\Swift\\Transport\\AbstractSmtpTransport.php(148): Swift_Transport_EsmtpTransport->doHeloCommand()\n#2 D:\\Download\\laragon\\www\\shop\\vendor\\swiftmailer\\swiftmailer\\lib\\classes\\Swift\\Mailer.php(65): Swift_Transport_AbstractSmtpTransport->start()\n#3 D:\\Download\\laragon\\www\\shop\\vendor\\laravel\\framework\\src\\Illuminate\\Mail\\Mailer.php(521): Swift_Mailer->send(Object(Swift_Message), Array)\n#4 D:\\Download\\laragon\\www\\shop\\vendor\\laravel\\framework\\src\\Illuminate\\Mail\\Mailer.php(288): Illuminate\\Mail\\Mailer->sendSwiftMessage(Object(Swift_Message))\n#5 D:\\Download\\laragon\\www\\shop\\vendor\\laravel\\framework\\src\\Illuminate\\Mail\\Mailable.php(187): Illuminate\\Mail\\Mailer->send(\'mail.success\', Array, Object(Closure))\n#6 D:\\Download\\laragon\\www\\shop\\vendor\\laravel\\framework\\src\\Illuminate\\Support\\Traits\\Localizable.php(19): Illuminate\\Mail\\Mailable->Illuminate\\Mail\\{closure}()\n#7 D:\\Download\\laragon\\www\\shop\\vendor\\laravel\\framework\\src\\Illuminate\\Mail\\Mailable.php(188): Illuminate\\Mail\\Mailable->withLocale(NULL, Object(Closure))\n#8 D:\\Download\\laragon\\www\\shop\\vendor\\laravel\\framework\\src\\Illuminate\\Mail\\Mailer.php(304): Illuminate\\Mail\\Mailable->send(Object(Illuminate\\Mail\\Mailer))\n#9 D:\\Download\\laragon\\www\\shop\\vendor\\laravel\\framework\\src\\Illuminate\\Mail\\Mailer.php(258): Illuminate\\Mail\\Mailer->sendMailable(Object(App\\Mail\\OrderShipped))\n#10 D:\\Download\\laragon\\www\\shop\\vendor\\laravel\\framework\\src\\Illuminate\\Mail\\PendingMail.php(124): Illuminate\\Mail\\Mailer->send(Object(App\\Mail\\OrderShipped))\n#11 D:\\Download\\laragon\\www\\shop\\app\\Jobs\\SendMail.php(36): Illuminate\\Mail\\PendingMail->send(Object(App\\Mail\\OrderShipped))\n#12 D:\\Download\\laragon\\www\\shop\\vendor\\laravel\\framework\\src\\Illuminate\\Container\\BoundMethod.php(36): App\\Jobs\\SendMail->handle()\n#13 D:\\Download\\laragon\\www\\shop\\vendor\\laravel\\framework\\src\\Illuminate\\Container\\Util.php(40): Illuminate\\Container\\BoundMethod::Illuminate\\Container\\{closure}()\n#14 D:\\Download\\laragon\\www\\shop\\vendor\\laravel\\framework\\src\\Illuminate\\Container\\BoundMethod.php(93): Illuminate\\Container\\Util::unwrapIfClosure(Object(Closure))\n#15 D:\\Download\\laragon\\www\\shop\\vendor\\laravel\\framework\\src\\Illuminate\\Container\\BoundMethod.php(37): Illuminate\\Container\\BoundMethod::callBoundMethod(Object(Illuminate\\Foundation\\Application), Array, Object(Closure))\n#16 D:\\Download\\laragon\\www\\shop\\vendor\\laravel\\framework\\src\\Illuminate\\Container\\Container.php(653): Illuminate\\Container\\BoundMethod::call(Object(Illuminate\\Foundation\\Application), Array, Array, NULL)\n#17 D:\\Download\\laragon\\www\\shop\\vendor\\laravel\\framework\\src\\Illuminate\\Bus\\Dispatcher.php(128): Illuminate\\Container\\Container->call(Array)\n#18 D:\\Download\\laragon\\www\\shop\\vendor\\laravel\\framework\\src\\Illuminate\\Pipeline\\Pipeline.php(128): Illuminate\\Bus\\Dispatcher->Illuminate\\Bus\\{closure}(Object(App\\Jobs\\SendMail))\n#19 D:\\Download\\laragon\\www\\shop\\vendor\\laravel\\framework\\src\\Illuminate\\Pipeline\\Pipeline.php(103): Illuminate\\Pipeline\\Pipeline->Illuminate\\Pipeline\\{closure}(Object(App\\Jobs\\SendMail))\n#20 D:\\Download\\laragon\\www\\shop\\vendor\\laravel\\framework\\src\\Illuminate\\Bus\\Dispatcher.php(132): Illuminate\\Pipeline\\Pipeline->then(Object(Closure))\n#21 D:\\Download\\laragon\\www\\shop\\vendor\\laravel\\framework\\src\\Illuminate\\Queue\\CallQueuedHandler.php(120): Illuminate\\Bus\\Dispatcher->dispatchNow(Object(App\\Jobs\\SendMail), false)\n#22 D:\\Download\\laragon\\www\\shop\\vendor\\laravel\\framework\\src\\Illuminate\\Pipeline\\Pipeline.php(128): Illuminate\\Queue\\CallQueuedHandler->Illuminate\\Queue\\{closure}(Object(App\\Jobs\\SendMail))\n#23 D:\\Download\\laragon\\www\\shop\\vendor\\laravel\\framework\\src\\Illuminate\\Pipeline\\Pipeline.php(103): Illuminate\\Pipeline\\Pipeline->Illuminate\\Pipeline\\{closure}(Object(App\\Jobs\\SendMail))\n#24 D:\\Download\\laragon\\www\\shop\\vendor\\laravel\\framework\\src\\Illuminate\\Queue\\CallQueuedHandler.php(122): Illuminate\\Pipeline\\Pipeline->then(Object(Closure))\n#25 D:\\Download\\laragon\\www\\shop\\vendor\\laravel\\framework\\src\\Illuminate\\Queue\\CallQueuedHandler.php(70): Illuminate\\Queue\\CallQueuedHandler->dispatchThroughMiddleware(Object(Illuminate\\Queue\\Jobs\\DatabaseJob), Object(App\\Jobs\\SendMail))\n#26 D:\\Download\\laragon\\www\\shop\\vendor\\laravel\\framework\\src\\Illuminate\\Queue\\Jobs\\Job.php(98): Illuminate\\Queue\\CallQueuedHandler->call(Object(Illuminate\\Queue\\Jobs\\DatabaseJob), Array)\n#27 D:\\Download\\laragon\\www\\shop\\vendor\\laravel\\framework\\src\\Illuminate\\Queue\\Worker.php(428): Illuminate\\Queue\\Jobs\\Job->fire()\n#28 D:\\Download\\laragon\\www\\shop\\vendor\\laravel\\framework\\src\\Illuminate\\Queue\\Worker.php(378): Illuminate\\Queue\\Worker->process(\'database\', Object(Illuminate\\Queue\\Jobs\\DatabaseJob), Object(Illuminate\\Queue\\WorkerOptions))\n#29 D:\\Download\\laragon\\www\\shop\\vendor\\laravel\\framework\\src\\Illuminate\\Queue\\Worker.php(172): Illuminate\\Queue\\Worker->runJob(Object(Illuminate\\Queue\\Jobs\\DatabaseJob), \'database\', Object(Illuminate\\Queue\\WorkerOptions))\n#30 D:\\Download\\laragon\\www\\shop\\vendor\\laravel\\framework\\src\\Illuminate\\Queue\\Console\\WorkCommand.php(117): Illuminate\\Queue\\Worker->daemon(\'database\', \'default\', Object(Illuminate\\Queue\\WorkerOptions))\n#31 D:\\Download\\laragon\\www\\shop\\vendor\\laravel\\framework\\src\\Illuminate\\Queue\\Console\\WorkCommand.php(101): Illuminate\\Queue\\Console\\WorkCommand->runWorker(\'database\', \'default\')\n#32 D:\\Download\\laragon\\www\\shop\\vendor\\laravel\\framework\\src\\Illuminate\\Container\\BoundMethod.php(36): Illuminate\\Queue\\Console\\WorkCommand->handle()\n#33 D:\\Download\\laragon\\www\\shop\\vendor\\laravel\\framework\\src\\Illuminate\\Container\\Util.php(40): Illuminate\\Container\\BoundMethod::Illuminate\\Container\\{closure}()\n#34 D:\\Download\\laragon\\www\\shop\\vendor\\laravel\\framework\\src\\Illuminate\\Container\\BoundMethod.php(93): Illuminate\\Container\\Util::unwrapIfClosure(Object(Closure))\n#35 D:\\Download\\laragon\\www\\shop\\vendor\\laravel\\framework\\src\\Illuminate\\Container\\BoundMethod.php(37): Illuminate\\Container\\BoundMethod::callBoundMethod(Object(Illuminate\\Foundation\\Application), Array, Object(Closure))\n#36 D:\\Download\\laragon\\www\\shop\\vendor\\laravel\\framework\\src\\Illuminate\\Container\\Container.php(653): Illuminate\\Container\\BoundMethod::call(Object(Illuminate\\Foundation\\Application), Array, Array, NULL)\n#37 D:\\Download\\laragon\\www\\shop\\vendor\\laravel\\framework\\src\\Illuminate\\Console\\Command.php(136): Illuminate\\Container\\Container->call(Array)\n#38 D:\\Download\\laragon\\www\\shop\\vendor\\symfony\\console\\Command\\Command.php(298): Illuminate\\Console\\Command->execute(Object(Symfony\\Component\\Console\\Input\\ArgvInput), Object(Illuminate\\Console\\OutputStyle))\n#39 D:\\Download\\laragon\\www\\shop\\vendor\\laravel\\framework\\src\\Illuminate\\Console\\Command.php(121): Symfony\\Component\\Console\\Command\\Command->run(Object(Symfony\\Component\\Console\\Input\\ArgvInput), Object(Illuminate\\Console\\OutputStyle))\n#40 D:\\Download\\laragon\\www\\shop\\vendor\\symfony\\console\\Application.php(1028): Illuminate\\Console\\Command->run(Object(Symfony\\Component\\Console\\Input\\ArgvInput), Object(Symfony\\Component\\Console\\Output\\ConsoleOutput))\n#41 D:\\Download\\laragon\\www\\shop\\vendor\\symfony\\console\\Application.php(299): Symfony\\Component\\Console\\Application->doRunCommand(Object(Illuminate\\Queue\\Console\\WorkCommand), Object(Symfony\\Component\\Console\\Input\\ArgvInput), Object(Symfony\\Component\\Console\\Output\\ConsoleOutput))\n#42 D:\\Download\\laragon\\www\\shop\\vendor\\symfony\\console\\Application.php(171): Symfony\\Component\\Console\\Application->doRun(Object(Symfony\\Component\\Console\\Input\\ArgvInput), Object(Symfony\\Component\\Console\\Output\\ConsoleOutput))\n#43 D:\\Download\\laragon\\www\\shop\\vendor\\laravel\\framework\\src\\Illuminate\\Console\\Application.php(94): Symfony\\Component\\Console\\Application->run(Object(Symfony\\Component\\Console\\Input\\ArgvInput), Object(Symfony\\Component\\Console\\Output\\ConsoleOutput))\n#44 D:\\Download\\laragon\\www\\shop\\vendor\\laravel\\framework\\src\\Illuminate\\Foundation\\Console\\Kernel.php(129): Illuminate\\Console\\Application->run(Object(Symfony\\Component\\Console\\Input\\ArgvInput), Object(Symfony\\Component\\Console\\Output\\ConsoleOutput))\n#45 D:\\Download\\laragon\\www\\shop\\artisan(37): Illuminate\\Foundation\\Console\\Kernel->handle(Object(Symfony\\Component\\Console\\Input\\ArgvInput), Object(Symfony\\Component\\Console\\Output\\ConsoleOutput))\n#46 {main}', '2022-10-26 02:38:07'),
(6, 'b0f9e101-90d4-40e1-a617-cff7dd81f066', 'database', 'default', '{\"uuid\":\"b0f9e101-90d4-40e1-a617-cff7dd81f066\",\"displayName\":\"App\\\\Jobs\\\\SendMail\",\"job\":\"Illuminate\\\\Queue\\\\CallQueuedHandler@call\",\"maxTries\":null,\"maxExceptions\":null,\"failOnTimeout\":false,\"backoff\":null,\"timeout\":null,\"retryUntil\":null,\"data\":{\"commandName\":\"App\\\\Jobs\\\\SendMail\",\"command\":\"O:17:\\\"App\\\\Jobs\\\\SendMail\\\":11:{s:8:\\\"\\u0000*\\u0000email\\\";s:32:\\\"kietb11910397@student.ctu.edu.vn\\\";s:3:\\\"job\\\";N;s:10:\\\"connection\\\";N;s:5:\\\"queue\\\";N;s:15:\\\"chainConnection\\\";N;s:10:\\\"chainQueue\\\";N;s:19:\\\"chainCatchCallbacks\\\";N;s:5:\\\"delay\\\";O:25:\\\"Illuminate\\\\Support\\\\Carbon\\\":3:{s:4:\\\"date\\\";s:26:\\\"2022-10-26 09:42:10.568698\\\";s:13:\\\"timezone_type\\\";i:3;s:8:\\\"timezone\\\";s:3:\\\"UTC\\\";}s:11:\\\"afterCommit\\\";N;s:10:\\\"middleware\\\";a:0:{}s:7:\\\"chained\\\";a:0:{}}\"}}', 'Swift_TransportException: Failed to authenticate on SMTP server with username \"nguyenfranxihoahoc@gmail.com\" using 3 possible authenticators. Authenticator LOGIN returned Expected response code 235 but got code \"535\", with message \"535-5.7.8 Username and Password not accepted. Learn more at\r\n535 5.7.8  https://support.google.com/mail/?p=BadCredentials i1-20020a1709026ac100b00185402cfedesm2509033plt.246 - gsmtp\r\n\". Authenticator PLAIN returned Expected response code 235 but got code \"535\", with message \"535-5.7.8 Username and Password not accepted. Learn more at\r\n535 5.7.8  https://support.google.com/mail/?p=BadCredentials i1-20020a1709026ac100b00185402cfedesm2509033plt.246 - gsmtp\r\n\". Authenticator XOAUTH2 returned Expected response code 250 but got code \"535\", with message \"535-5.7.8 Username and Password not accepted. Learn more at\r\n535 5.7.8  https://support.google.com/mail/?p=BadCredentials i1-20020a1709026ac100b00185402cfedesm2509033plt.246 - gsmtp\r\n\". in D:\\Download\\laragon\\www\\shop\\vendor\\swiftmailer\\swiftmailer\\lib\\classes\\Swift\\Transport\\Esmtp\\AuthHandler.php:191\nStack trace:\n#0 D:\\Download\\laragon\\www\\shop\\vendor\\swiftmailer\\swiftmailer\\lib\\classes\\Swift\\Transport\\EsmtpTransport.php(371): Swift_Transport_Esmtp_AuthHandler->afterEhlo(Object(Swift_SmtpTransport))\n#1 D:\\Download\\laragon\\www\\shop\\vendor\\swiftmailer\\swiftmailer\\lib\\classes\\Swift\\Transport\\AbstractSmtpTransport.php(148): Swift_Transport_EsmtpTransport->doHeloCommand()\n#2 D:\\Download\\laragon\\www\\shop\\vendor\\swiftmailer\\swiftmailer\\lib\\classes\\Swift\\Mailer.php(65): Swift_Transport_AbstractSmtpTransport->start()\n#3 D:\\Download\\laragon\\www\\shop\\vendor\\laravel\\framework\\src\\Illuminate\\Mail\\Mailer.php(521): Swift_Mailer->send(Object(Swift_Message), Array)\n#4 D:\\Download\\laragon\\www\\shop\\vendor\\laravel\\framework\\src\\Illuminate\\Mail\\Mailer.php(288): Illuminate\\Mail\\Mailer->sendSwiftMessage(Object(Swift_Message))\n#5 D:\\Download\\laragon\\www\\shop\\vendor\\laravel\\framework\\src\\Illuminate\\Mail\\Mailable.php(187): Illuminate\\Mail\\Mailer->send(\'mail.success\', Array, Object(Closure))\n#6 D:\\Download\\laragon\\www\\shop\\vendor\\laravel\\framework\\src\\Illuminate\\Support\\Traits\\Localizable.php(19): Illuminate\\Mail\\Mailable->Illuminate\\Mail\\{closure}()\n#7 D:\\Download\\laragon\\www\\shop\\vendor\\laravel\\framework\\src\\Illuminate\\Mail\\Mailable.php(188): Illuminate\\Mail\\Mailable->withLocale(NULL, Object(Closure))\n#8 D:\\Download\\laragon\\www\\shop\\vendor\\laravel\\framework\\src\\Illuminate\\Mail\\Mailer.php(304): Illuminate\\Mail\\Mailable->send(Object(Illuminate\\Mail\\Mailer))\n#9 D:\\Download\\laragon\\www\\shop\\vendor\\laravel\\framework\\src\\Illuminate\\Mail\\Mailer.php(258): Illuminate\\Mail\\Mailer->sendMailable(Object(App\\Mail\\OrderShipped))\n#10 D:\\Download\\laragon\\www\\shop\\vendor\\laravel\\framework\\src\\Illuminate\\Mail\\PendingMail.php(124): Illuminate\\Mail\\Mailer->send(Object(App\\Mail\\OrderShipped))\n#11 D:\\Download\\laragon\\www\\shop\\app\\Jobs\\SendMail.php(36): Illuminate\\Mail\\PendingMail->send(Object(App\\Mail\\OrderShipped))\n#12 D:\\Download\\laragon\\www\\shop\\vendor\\laravel\\framework\\src\\Illuminate\\Container\\BoundMethod.php(36): App\\Jobs\\SendMail->handle()\n#13 D:\\Download\\laragon\\www\\shop\\vendor\\laravel\\framework\\src\\Illuminate\\Container\\Util.php(40): Illuminate\\Container\\BoundMethod::Illuminate\\Container\\{closure}()\n#14 D:\\Download\\laragon\\www\\shop\\vendor\\laravel\\framework\\src\\Illuminate\\Container\\BoundMethod.php(93): Illuminate\\Container\\Util::unwrapIfClosure(Object(Closure))\n#15 D:\\Download\\laragon\\www\\shop\\vendor\\laravel\\framework\\src\\Illuminate\\Container\\BoundMethod.php(37): Illuminate\\Container\\BoundMethod::callBoundMethod(Object(Illuminate\\Foundation\\Application), Array, Object(Closure))\n#16 D:\\Download\\laragon\\www\\shop\\vendor\\laravel\\framework\\src\\Illuminate\\Container\\Container.php(653): Illuminate\\Container\\BoundMethod::call(Object(Illuminate\\Foundation\\Application), Array, Array, NULL)\n#17 D:\\Download\\laragon\\www\\shop\\vendor\\laravel\\framework\\src\\Illuminate\\Bus\\Dispatcher.php(128): Illuminate\\Container\\Container->call(Array)\n#18 D:\\Download\\laragon\\www\\shop\\vendor\\laravel\\framework\\src\\Illuminate\\Pipeline\\Pipeline.php(128): Illuminate\\Bus\\Dispatcher->Illuminate\\Bus\\{closure}(Object(App\\Jobs\\SendMail))\n#19 D:\\Download\\laragon\\www\\shop\\vendor\\laravel\\framework\\src\\Illuminate\\Pipeline\\Pipeline.php(103): Illuminate\\Pipeline\\Pipeline->Illuminate\\Pipeline\\{closure}(Object(App\\Jobs\\SendMail))\n#20 D:\\Download\\laragon\\www\\shop\\vendor\\laravel\\framework\\src\\Illuminate\\Bus\\Dispatcher.php(132): Illuminate\\Pipeline\\Pipeline->then(Object(Closure))\n#21 D:\\Download\\laragon\\www\\shop\\vendor\\laravel\\framework\\src\\Illuminate\\Queue\\CallQueuedHandler.php(120): Illuminate\\Bus\\Dispatcher->dispatchNow(Object(App\\Jobs\\SendMail), false)\n#22 D:\\Download\\laragon\\www\\shop\\vendor\\laravel\\framework\\src\\Illuminate\\Pipeline\\Pipeline.php(128): Illuminate\\Queue\\CallQueuedHandler->Illuminate\\Queue\\{closure}(Object(App\\Jobs\\SendMail))\n#23 D:\\Download\\laragon\\www\\shop\\vendor\\laravel\\framework\\src\\Illuminate\\Pipeline\\Pipeline.php(103): Illuminate\\Pipeline\\Pipeline->Illuminate\\Pipeline\\{closure}(Object(App\\Jobs\\SendMail))\n#24 D:\\Download\\laragon\\www\\shop\\vendor\\laravel\\framework\\src\\Illuminate\\Queue\\CallQueuedHandler.php(122): Illuminate\\Pipeline\\Pipeline->then(Object(Closure))\n#25 D:\\Download\\laragon\\www\\shop\\vendor\\laravel\\framework\\src\\Illuminate\\Queue\\CallQueuedHandler.php(70): Illuminate\\Queue\\CallQueuedHandler->dispatchThroughMiddleware(Object(Illuminate\\Queue\\Jobs\\DatabaseJob), Object(App\\Jobs\\SendMail))\n#26 D:\\Download\\laragon\\www\\shop\\vendor\\laravel\\framework\\src\\Illuminate\\Queue\\Jobs\\Job.php(98): Illuminate\\Queue\\CallQueuedHandler->call(Object(Illuminate\\Queue\\Jobs\\DatabaseJob), Array)\n#27 D:\\Download\\laragon\\www\\shop\\vendor\\laravel\\framework\\src\\Illuminate\\Queue\\Worker.php(428): Illuminate\\Queue\\Jobs\\Job->fire()\n#28 D:\\Download\\laragon\\www\\shop\\vendor\\laravel\\framework\\src\\Illuminate\\Queue\\Worker.php(378): Illuminate\\Queue\\Worker->process(\'database\', Object(Illuminate\\Queue\\Jobs\\DatabaseJob), Object(Illuminate\\Queue\\WorkerOptions))\n#29 D:\\Download\\laragon\\www\\shop\\vendor\\laravel\\framework\\src\\Illuminate\\Queue\\Worker.php(172): Illuminate\\Queue\\Worker->runJob(Object(Illuminate\\Queue\\Jobs\\DatabaseJob), \'database\', Object(Illuminate\\Queue\\WorkerOptions))\n#30 D:\\Download\\laragon\\www\\shop\\vendor\\laravel\\framework\\src\\Illuminate\\Queue\\Console\\WorkCommand.php(117): Illuminate\\Queue\\Worker->daemon(\'database\', \'default\', Object(Illuminate\\Queue\\WorkerOptions))\n#31 D:\\Download\\laragon\\www\\shop\\vendor\\laravel\\framework\\src\\Illuminate\\Queue\\Console\\WorkCommand.php(101): Illuminate\\Queue\\Console\\WorkCommand->runWorker(\'database\', \'default\')\n#32 D:\\Download\\laragon\\www\\shop\\vendor\\laravel\\framework\\src\\Illuminate\\Container\\BoundMethod.php(36): Illuminate\\Queue\\Console\\WorkCommand->handle()\n#33 D:\\Download\\laragon\\www\\shop\\vendor\\laravel\\framework\\src\\Illuminate\\Container\\Util.php(40): Illuminate\\Container\\BoundMethod::Illuminate\\Container\\{closure}()\n#34 D:\\Download\\laragon\\www\\shop\\vendor\\laravel\\framework\\src\\Illuminate\\Container\\BoundMethod.php(93): Illuminate\\Container\\Util::unwrapIfClosure(Object(Closure))\n#35 D:\\Download\\laragon\\www\\shop\\vendor\\laravel\\framework\\src\\Illuminate\\Container\\BoundMethod.php(37): Illuminate\\Container\\BoundMethod::callBoundMethod(Object(Illuminate\\Foundation\\Application), Array, Object(Closure))\n#36 D:\\Download\\laragon\\www\\shop\\vendor\\laravel\\framework\\src\\Illuminate\\Container\\Container.php(653): Illuminate\\Container\\BoundMethod::call(Object(Illuminate\\Foundation\\Application), Array, Array, NULL)\n#37 D:\\Download\\laragon\\www\\shop\\vendor\\laravel\\framework\\src\\Illuminate\\Console\\Command.php(136): Illuminate\\Container\\Container->call(Array)\n#38 D:\\Download\\laragon\\www\\shop\\vendor\\symfony\\console\\Command\\Command.php(298): Illuminate\\Console\\Command->execute(Object(Symfony\\Component\\Console\\Input\\ArgvInput), Object(Illuminate\\Console\\OutputStyle))\n#39 D:\\Download\\laragon\\www\\shop\\vendor\\laravel\\framework\\src\\Illuminate\\Console\\Command.php(121): Symfony\\Component\\Console\\Command\\Command->run(Object(Symfony\\Component\\Console\\Input\\ArgvInput), Object(Illuminate\\Console\\OutputStyle))\n#40 D:\\Download\\laragon\\www\\shop\\vendor\\symfony\\console\\Application.php(1028): Illuminate\\Console\\Command->run(Object(Symfony\\Component\\Console\\Input\\ArgvInput), Object(Symfony\\Component\\Console\\Output\\ConsoleOutput))\n#41 D:\\Download\\laragon\\www\\shop\\vendor\\symfony\\console\\Application.php(299): Symfony\\Component\\Console\\Application->doRunCommand(Object(Illuminate\\Queue\\Console\\WorkCommand), Object(Symfony\\Component\\Console\\Input\\ArgvInput), Object(Symfony\\Component\\Console\\Output\\ConsoleOutput))\n#42 D:\\Download\\laragon\\www\\shop\\vendor\\symfony\\console\\Application.php(171): Symfony\\Component\\Console\\Application->doRun(Object(Symfony\\Component\\Console\\Input\\ArgvInput), Object(Symfony\\Component\\Console\\Output\\ConsoleOutput))\n#43 D:\\Download\\laragon\\www\\shop\\vendor\\laravel\\framework\\src\\Illuminate\\Console\\Application.php(94): Symfony\\Component\\Console\\Application->run(Object(Symfony\\Component\\Console\\Input\\ArgvInput), Object(Symfony\\Component\\Console\\Output\\ConsoleOutput))\n#44 D:\\Download\\laragon\\www\\shop\\vendor\\laravel\\framework\\src\\Illuminate\\Foundation\\Console\\Kernel.php(129): Illuminate\\Console\\Application->run(Object(Symfony\\Component\\Console\\Input\\ArgvInput), Object(Symfony\\Component\\Console\\Output\\ConsoleOutput))\n#45 D:\\Download\\laragon\\www\\shop\\artisan(37): Illuminate\\Foundation\\Console\\Kernel->handle(Object(Symfony\\Component\\Console\\Input\\ArgvInput), Object(Symfony\\Component\\Console\\Output\\ConsoleOutput))\n#46 {main}', '2022-10-26 02:42:14'),
(7, 'bb90b2dd-b951-4d42-a9f9-97ed93c0bb91', 'database', 'default', '{\"uuid\":\"bb90b2dd-b951-4d42-a9f9-97ed93c0bb91\",\"displayName\":\"App\\\\Jobs\\\\SendMail\",\"job\":\"Illuminate\\\\Queue\\\\CallQueuedHandler@call\",\"maxTries\":null,\"maxExceptions\":null,\"failOnTimeout\":false,\"backoff\":null,\"timeout\":null,\"retryUntil\":null,\"data\":{\"commandName\":\"App\\\\Jobs\\\\SendMail\",\"command\":\"O:17:\\\"App\\\\Jobs\\\\SendMail\\\":11:{s:8:\\\"\\u0000*\\u0000email\\\";s:32:\\\"kietb11910397@student.ctu.edu.vn\\\";s:3:\\\"job\\\";N;s:10:\\\"connection\\\";N;s:5:\\\"queue\\\";N;s:15:\\\"chainConnection\\\";N;s:10:\\\"chainQueue\\\";N;s:19:\\\"chainCatchCallbacks\\\";N;s:5:\\\"delay\\\";O:25:\\\"Illuminate\\\\Support\\\\Carbon\\\":3:{s:4:\\\"date\\\";s:26:\\\"2022-10-26 09:52:52.255622\\\";s:13:\\\"timezone_type\\\";i:3;s:8:\\\"timezone\\\";s:3:\\\"UTC\\\";}s:11:\\\"afterCommit\\\";N;s:10:\\\"middleware\\\";a:0:{}s:7:\\\"chained\\\";a:0:{}}\"}}', 'Swift_TransportException: Failed to authenticate on SMTP server with username \"nguyenfranxihoahoc@gmail.com\" using 3 possible authenticators. Authenticator LOGIN returned Expected response code 235 but got code \"535\", with message \"535-5.7.8 Username and Password not accepted. Learn more at\r\n535 5.7.8  https://support.google.com/mail/?p=BadCredentials w15-20020a17090a15cf00b00202618f0df4sm883896pjd.0 - gsmtp\r\n\". Authenticator PLAIN returned Expected response code 235 but got code \"535\", with message \"535-5.7.8 Username and Password not accepted. Learn more at\r\n535 5.7.8  https://support.google.com/mail/?p=BadCredentials w15-20020a17090a15cf00b00202618f0df4sm883896pjd.0 - gsmtp\r\n\". Authenticator XOAUTH2 returned Expected response code 250 but got code \"535\", with message \"535-5.7.8 Username and Password not accepted. Learn more at\r\n535 5.7.8  https://support.google.com/mail/?p=BadCredentials w15-20020a17090a15cf00b00202618f0df4sm883896pjd.0 - gsmtp\r\n\". in D:\\Download\\laragon\\www\\shop\\vendor\\swiftmailer\\swiftmailer\\lib\\classes\\Swift\\Transport\\Esmtp\\AuthHandler.php:191\nStack trace:\n#0 D:\\Download\\laragon\\www\\shop\\vendor\\swiftmailer\\swiftmailer\\lib\\classes\\Swift\\Transport\\EsmtpTransport.php(371): Swift_Transport_Esmtp_AuthHandler->afterEhlo(Object(Swift_SmtpTransport))\n#1 D:\\Download\\laragon\\www\\shop\\vendor\\swiftmailer\\swiftmailer\\lib\\classes\\Swift\\Transport\\AbstractSmtpTransport.php(148): Swift_Transport_EsmtpTransport->doHeloCommand()\n#2 D:\\Download\\laragon\\www\\shop\\vendor\\swiftmailer\\swiftmailer\\lib\\classes\\Swift\\Mailer.php(65): Swift_Transport_AbstractSmtpTransport->start()\n#3 D:\\Download\\laragon\\www\\shop\\vendor\\laravel\\framework\\src\\Illuminate\\Mail\\Mailer.php(521): Swift_Mailer->send(Object(Swift_Message), Array)\n#4 D:\\Download\\laragon\\www\\shop\\vendor\\laravel\\framework\\src\\Illuminate\\Mail\\Mailer.php(288): Illuminate\\Mail\\Mailer->sendSwiftMessage(Object(Swift_Message))\n#5 D:\\Download\\laragon\\www\\shop\\vendor\\laravel\\framework\\src\\Illuminate\\Mail\\Mailable.php(187): Illuminate\\Mail\\Mailer->send(\'mail.success\', Array, Object(Closure))\n#6 D:\\Download\\laragon\\www\\shop\\vendor\\laravel\\framework\\src\\Illuminate\\Support\\Traits\\Localizable.php(19): Illuminate\\Mail\\Mailable->Illuminate\\Mail\\{closure}()\n#7 D:\\Download\\laragon\\www\\shop\\vendor\\laravel\\framework\\src\\Illuminate\\Mail\\Mailable.php(188): Illuminate\\Mail\\Mailable->withLocale(NULL, Object(Closure))\n#8 D:\\Download\\laragon\\www\\shop\\vendor\\laravel\\framework\\src\\Illuminate\\Mail\\Mailer.php(304): Illuminate\\Mail\\Mailable->send(Object(Illuminate\\Mail\\Mailer))\n#9 D:\\Download\\laragon\\www\\shop\\vendor\\laravel\\framework\\src\\Illuminate\\Mail\\Mailer.php(258): Illuminate\\Mail\\Mailer->sendMailable(Object(App\\Mail\\OrderShipped))\n#10 D:\\Download\\laragon\\www\\shop\\vendor\\laravel\\framework\\src\\Illuminate\\Mail\\PendingMail.php(124): Illuminate\\Mail\\Mailer->send(Object(App\\Mail\\OrderShipped))\n#11 D:\\Download\\laragon\\www\\shop\\app\\Jobs\\SendMail.php(36): Illuminate\\Mail\\PendingMail->send(Object(App\\Mail\\OrderShipped))\n#12 D:\\Download\\laragon\\www\\shop\\vendor\\laravel\\framework\\src\\Illuminate\\Container\\BoundMethod.php(36): App\\Jobs\\SendMail->handle()\n#13 D:\\Download\\laragon\\www\\shop\\vendor\\laravel\\framework\\src\\Illuminate\\Container\\Util.php(40): Illuminate\\Container\\BoundMethod::Illuminate\\Container\\{closure}()\n#14 D:\\Download\\laragon\\www\\shop\\vendor\\laravel\\framework\\src\\Illuminate\\Container\\BoundMethod.php(93): Illuminate\\Container\\Util::unwrapIfClosure(Object(Closure))\n#15 D:\\Download\\laragon\\www\\shop\\vendor\\laravel\\framework\\src\\Illuminate\\Container\\BoundMethod.php(37): Illuminate\\Container\\BoundMethod::callBoundMethod(Object(Illuminate\\Foundation\\Application), Array, Object(Closure))\n#16 D:\\Download\\laragon\\www\\shop\\vendor\\laravel\\framework\\src\\Illuminate\\Container\\Container.php(653): Illuminate\\Container\\BoundMethod::call(Object(Illuminate\\Foundation\\Application), Array, Array, NULL)\n#17 D:\\Download\\laragon\\www\\shop\\vendor\\laravel\\framework\\src\\Illuminate\\Bus\\Dispatcher.php(128): Illuminate\\Container\\Container->call(Array)\n#18 D:\\Download\\laragon\\www\\shop\\vendor\\laravel\\framework\\src\\Illuminate\\Pipeline\\Pipeline.php(128): Illuminate\\Bus\\Dispatcher->Illuminate\\Bus\\{closure}(Object(App\\Jobs\\SendMail))\n#19 D:\\Download\\laragon\\www\\shop\\vendor\\laravel\\framework\\src\\Illuminate\\Pipeline\\Pipeline.php(103): Illuminate\\Pipeline\\Pipeline->Illuminate\\Pipeline\\{closure}(Object(App\\Jobs\\SendMail))\n#20 D:\\Download\\laragon\\www\\shop\\vendor\\laravel\\framework\\src\\Illuminate\\Bus\\Dispatcher.php(132): Illuminate\\Pipeline\\Pipeline->then(Object(Closure))\n#21 D:\\Download\\laragon\\www\\shop\\vendor\\laravel\\framework\\src\\Illuminate\\Queue\\CallQueuedHandler.php(120): Illuminate\\Bus\\Dispatcher->dispatchNow(Object(App\\Jobs\\SendMail), false)\n#22 D:\\Download\\laragon\\www\\shop\\vendor\\laravel\\framework\\src\\Illuminate\\Pipeline\\Pipeline.php(128): Illuminate\\Queue\\CallQueuedHandler->Illuminate\\Queue\\{closure}(Object(App\\Jobs\\SendMail))\n#23 D:\\Download\\laragon\\www\\shop\\vendor\\laravel\\framework\\src\\Illuminate\\Pipeline\\Pipeline.php(103): Illuminate\\Pipeline\\Pipeline->Illuminate\\Pipeline\\{closure}(Object(App\\Jobs\\SendMail))\n#24 D:\\Download\\laragon\\www\\shop\\vendor\\laravel\\framework\\src\\Illuminate\\Queue\\CallQueuedHandler.php(122): Illuminate\\Pipeline\\Pipeline->then(Object(Closure))\n#25 D:\\Download\\laragon\\www\\shop\\vendor\\laravel\\framework\\src\\Illuminate\\Queue\\CallQueuedHandler.php(70): Illuminate\\Queue\\CallQueuedHandler->dispatchThroughMiddleware(Object(Illuminate\\Queue\\Jobs\\DatabaseJob), Object(App\\Jobs\\SendMail))\n#26 D:\\Download\\laragon\\www\\shop\\vendor\\laravel\\framework\\src\\Illuminate\\Queue\\Jobs\\Job.php(98): Illuminate\\Queue\\CallQueuedHandler->call(Object(Illuminate\\Queue\\Jobs\\DatabaseJob), Array)\n#27 D:\\Download\\laragon\\www\\shop\\vendor\\laravel\\framework\\src\\Illuminate\\Queue\\Worker.php(428): Illuminate\\Queue\\Jobs\\Job->fire()\n#28 D:\\Download\\laragon\\www\\shop\\vendor\\laravel\\framework\\src\\Illuminate\\Queue\\Worker.php(378): Illuminate\\Queue\\Worker->process(\'database\', Object(Illuminate\\Queue\\Jobs\\DatabaseJob), Object(Illuminate\\Queue\\WorkerOptions))\n#29 D:\\Download\\laragon\\www\\shop\\vendor\\laravel\\framework\\src\\Illuminate\\Queue\\Worker.php(172): Illuminate\\Queue\\Worker->runJob(Object(Illuminate\\Queue\\Jobs\\DatabaseJob), \'database\', Object(Illuminate\\Queue\\WorkerOptions))\n#30 D:\\Download\\laragon\\www\\shop\\vendor\\laravel\\framework\\src\\Illuminate\\Queue\\Console\\WorkCommand.php(117): Illuminate\\Queue\\Worker->daemon(\'database\', \'default\', Object(Illuminate\\Queue\\WorkerOptions))\n#31 D:\\Download\\laragon\\www\\shop\\vendor\\laravel\\framework\\src\\Illuminate\\Queue\\Console\\WorkCommand.php(101): Illuminate\\Queue\\Console\\WorkCommand->runWorker(\'database\', \'default\')\n#32 D:\\Download\\laragon\\www\\shop\\vendor\\laravel\\framework\\src\\Illuminate\\Container\\BoundMethod.php(36): Illuminate\\Queue\\Console\\WorkCommand->handle()\n#33 D:\\Download\\laragon\\www\\shop\\vendor\\laravel\\framework\\src\\Illuminate\\Container\\Util.php(40): Illuminate\\Container\\BoundMethod::Illuminate\\Container\\{closure}()\n#34 D:\\Download\\laragon\\www\\shop\\vendor\\laravel\\framework\\src\\Illuminate\\Container\\BoundMethod.php(93): Illuminate\\Container\\Util::unwrapIfClosure(Object(Closure))\n#35 D:\\Download\\laragon\\www\\shop\\vendor\\laravel\\framework\\src\\Illuminate\\Container\\BoundMethod.php(37): Illuminate\\Container\\BoundMethod::callBoundMethod(Object(Illuminate\\Foundation\\Application), Array, Object(Closure))\n#36 D:\\Download\\laragon\\www\\shop\\vendor\\laravel\\framework\\src\\Illuminate\\Container\\Container.php(653): Illuminate\\Container\\BoundMethod::call(Object(Illuminate\\Foundation\\Application), Array, Array, NULL)\n#37 D:\\Download\\laragon\\www\\shop\\vendor\\laravel\\framework\\src\\Illuminate\\Console\\Command.php(136): Illuminate\\Container\\Container->call(Array)\n#38 D:\\Download\\laragon\\www\\shop\\vendor\\symfony\\console\\Command\\Command.php(298): Illuminate\\Console\\Command->execute(Object(Symfony\\Component\\Console\\Input\\ArgvInput), Object(Illuminate\\Console\\OutputStyle))\n#39 D:\\Download\\laragon\\www\\shop\\vendor\\laravel\\framework\\src\\Illuminate\\Console\\Command.php(121): Symfony\\Component\\Console\\Command\\Command->run(Object(Symfony\\Component\\Console\\Input\\ArgvInput), Object(Illuminate\\Console\\OutputStyle))\n#40 D:\\Download\\laragon\\www\\shop\\vendor\\symfony\\console\\Application.php(1028): Illuminate\\Console\\Command->run(Object(Symfony\\Component\\Console\\Input\\ArgvInput), Object(Symfony\\Component\\Console\\Output\\ConsoleOutput))\n#41 D:\\Download\\laragon\\www\\shop\\vendor\\symfony\\console\\Application.php(299): Symfony\\Component\\Console\\Application->doRunCommand(Object(Illuminate\\Queue\\Console\\WorkCommand), Object(Symfony\\Component\\Console\\Input\\ArgvInput), Object(Symfony\\Component\\Console\\Output\\ConsoleOutput))\n#42 D:\\Download\\laragon\\www\\shop\\vendor\\symfony\\console\\Application.php(171): Symfony\\Component\\Console\\Application->doRun(Object(Symfony\\Component\\Console\\Input\\ArgvInput), Object(Symfony\\Component\\Console\\Output\\ConsoleOutput))\n#43 D:\\Download\\laragon\\www\\shop\\vendor\\laravel\\framework\\src\\Illuminate\\Console\\Application.php(94): Symfony\\Component\\Console\\Application->run(Object(Symfony\\Component\\Console\\Input\\ArgvInput), Object(Symfony\\Component\\Console\\Output\\ConsoleOutput))\n#44 D:\\Download\\laragon\\www\\shop\\vendor\\laravel\\framework\\src\\Illuminate\\Foundation\\Console\\Kernel.php(129): Illuminate\\Console\\Application->run(Object(Symfony\\Component\\Console\\Input\\ArgvInput), Object(Symfony\\Component\\Console\\Output\\ConsoleOutput))\n#45 D:\\Download\\laragon\\www\\shop\\artisan(37): Illuminate\\Foundation\\Console\\Kernel->handle(Object(Symfony\\Component\\Console\\Input\\ArgvInput), Object(Symfony\\Component\\Console\\Output\\ConsoleOutput))\n#46 {main}', '2022-10-26 02:52:59');

-- --------------------------------------------------------

--
-- Table structure for table `jobs`
--

CREATE TABLE `jobs` (
  `id` bigint(20) UNSIGNED NOT NULL,
  `queue` varchar(255) COLLATE utf8mb4_unicode_ci NOT NULL,
  `payload` longtext COLLATE utf8mb4_unicode_ci NOT NULL,
  `attempts` tinyint(3) UNSIGNED NOT NULL,
  `reserved_at` int(10) UNSIGNED DEFAULT NULL,
  `available_at` int(10) UNSIGNED NOT NULL,
  `created_at` int(10) UNSIGNED NOT NULL
) ENGINE=InnoDB DEFAULT CHARSET=utf8mb4 COLLATE=utf8mb4_unicode_ci;

--
-- Dumping data for table `jobs`
--

INSERT INTO `jobs` (`id`, `queue`, `payload`, `attempts`, `reserved_at`, `available_at`, `created_at`) VALUES
(8, 'default', '{\"uuid\":\"3b371e26-e6d5-4204-8dc5-e2c35871b987\",\"displayName\":\"App\\\\Jobs\\\\SendMail\",\"job\":\"Illuminate\\\\Queue\\\\CallQueuedHandler@call\",\"maxTries\":null,\"maxExceptions\":null,\"failOnTimeout\":false,\"backoff\":null,\"timeout\":null,\"retryUntil\":null,\"data\":{\"commandName\":\"App\\\\Jobs\\\\SendMail\",\"command\":\"O:17:\\\"App\\\\Jobs\\\\SendMail\\\":11:{s:8:\\\"\\u0000*\\u0000email\\\";s:2:\\\"11\\\";s:3:\\\"job\\\";N;s:10:\\\"connection\\\";N;s:5:\\\"queue\\\";N;s:15:\\\"chainConnection\\\";N;s:10:\\\"chainQueue\\\";N;s:19:\\\"chainCatchCallbacks\\\";N;s:5:\\\"delay\\\";O:25:\\\"Illuminate\\\\Support\\\\Carbon\\\":3:{s:4:\\\"date\\\";s:26:\\\"2022-10-26 10:48:08.292251\\\";s:13:\\\"timezone_type\\\";i:3;s:8:\\\"timezone\\\";s:3:\\\"UTC\\\";}s:11:\\\"afterCommit\\\";N;s:10:\\\"middleware\\\";a:0:{}s:7:\\\"chained\\\";a:0:{}}\"}}', 0, NULL, 1666781288, 1666781286),
(9, 'default', '{\"uuid\":\"b468c93d-d5f0-4c66-a37f-38b5178e26c5\",\"displayName\":\"App\\\\Jobs\\\\SendMail\",\"job\":\"Illuminate\\\\Queue\\\\CallQueuedHandler@call\",\"maxTries\":null,\"maxExceptions\":null,\"failOnTimeout\":false,\"backoff\":null,\"timeout\":null,\"retryUntil\":null,\"data\":{\"commandName\":\"App\\\\Jobs\\\\SendMail\",\"command\":\"O:17:\\\"App\\\\Jobs\\\\SendMail\\\":11:{s:8:\\\"\\u0000*\\u0000email\\\";s:5:\\\"12312\\\";s:3:\\\"job\\\";N;s:10:\\\"connection\\\";N;s:5:\\\"queue\\\";N;s:15:\\\"chainConnection\\\";N;s:10:\\\"chainQueue\\\";N;s:19:\\\"chainCatchCallbacks\\\";N;s:5:\\\"delay\\\";O:25:\\\"Illuminate\\\\Support\\\\Carbon\\\":3:{s:4:\\\"date\\\";s:26:\\\"2022-10-27 05:29:06.216298\\\";s:13:\\\"timezone_type\\\";i:3;s:8:\\\"timezone\\\";s:3:\\\"UTC\\\";}s:11:\\\"afterCommit\\\";N;s:10:\\\"middleware\\\";a:0:{}s:7:\\\"chained\\\";a:0:{}}\"}}', 0, NULL, 1666848546, 1666848544),
(10, 'default', '{\"uuid\":\"69814b8c-30e8-42a9-b92c-7c910aa281ee\",\"displayName\":\"App\\\\Jobs\\\\SendMail\",\"job\":\"Illuminate\\\\Queue\\\\CallQueuedHandler@call\",\"maxTries\":null,\"maxExceptions\":null,\"failOnTimeout\":false,\"backoff\":null,\"timeout\":null,\"retryUntil\":null,\"data\":{\"commandName\":\"App\\\\Jobs\\\\SendMail\",\"command\":\"O:17:\\\"App\\\\Jobs\\\\SendMail\\\":11:{s:8:\\\"\\u0000*\\u0000email\\\";s:5:\\\"dhfhd\\\";s:3:\\\"job\\\";N;s:10:\\\"connection\\\";N;s:5:\\\"queue\\\";N;s:15:\\\"chainConnection\\\";N;s:10:\\\"chainQueue\\\";N;s:19:\\\"chainCatchCallbacks\\\";N;s:5:\\\"delay\\\";O:25:\\\"Illuminate\\\\Support\\\\Carbon\\\":3:{s:4:\\\"date\\\";s:26:\\\"2022-10-27 11:10:40.799194\\\";s:13:\\\"timezone_type\\\";i:3;s:8:\\\"timezone\\\";s:3:\\\"UTC\\\";}s:11:\\\"afterCommit\\\";N;s:10:\\\"middleware\\\";a:0:{}s:7:\\\"chained\\\";a:0:{}}\"}}', 0, NULL, 1666869040, 1666869039),
(11, 'default', '{\"uuid\":\"e0904148-e22c-4770-b04d-0c53e4b1bfb5\",\"displayName\":\"App\\\\Jobs\\\\SendMail\",\"job\":\"Illuminate\\\\Queue\\\\CallQueuedHandler@call\",\"maxTries\":null,\"maxExceptions\":null,\"failOnTimeout\":false,\"backoff\":null,\"timeout\":null,\"retryUntil\":null,\"data\":{\"commandName\":\"App\\\\Jobs\\\\SendMail\",\"command\":\"O:17:\\\"App\\\\Jobs\\\\SendMail\\\":11:{s:8:\\\"\\u0000*\\u0000email\\\";s:28:\\\"nguyenfranxihoahoc@gmail.com\\\";s:3:\\\"job\\\";N;s:10:\\\"connection\\\";N;s:5:\\\"queue\\\";N;s:15:\\\"chainConnection\\\";N;s:10:\\\"chainQueue\\\";N;s:19:\\\"chainCatchCallbacks\\\";N;s:5:\\\"delay\\\";O:25:\\\"Illuminate\\\\Support\\\\Carbon\\\":3:{s:4:\\\"date\\\";s:26:\\\"2022-10-29 02:52:18.995508\\\";s:13:\\\"timezone_type\\\";i:3;s:8:\\\"timezone\\\";s:3:\\\"UTC\\\";}s:11:\\\"afterCommit\\\";N;s:10:\\\"middleware\\\";a:0:{}s:7:\\\"chained\\\";a:0:{}}\"}}', 0, NULL, 1667011938, 1667011937),
(12, 'default', '{\"uuid\":\"36001b98-9596-43be-a28d-14a2eea0fce3\",\"displayName\":\"App\\\\Jobs\\\\SendMail\",\"job\":\"Illuminate\\\\Queue\\\\CallQueuedHandler@call\",\"maxTries\":null,\"maxExceptions\":null,\"failOnTimeout\":false,\"backoff\":null,\"timeout\":null,\"retryUntil\":null,\"data\":{\"commandName\":\"App\\\\Jobs\\\\SendMail\",\"command\":\"O:17:\\\"App\\\\Jobs\\\\SendMail\\\":11:{s:8:\\\"\\u0000*\\u0000email\\\";s:5:\\\"21313\\\";s:3:\\\"job\\\";N;s:10:\\\"connection\\\";N;s:5:\\\"queue\\\";N;s:15:\\\"chainConnection\\\";N;s:10:\\\"chainQueue\\\";N;s:19:\\\"chainCatchCallbacks\\\";N;s:5:\\\"delay\\\";O:25:\\\"Illuminate\\\\Support\\\\Carbon\\\":3:{s:4:\\\"date\\\";s:26:\\\"2022-10-31 01:14:13.624225\\\";s:13:\\\"timezone_type\\\";i:3;s:8:\\\"timezone\\\";s:3:\\\"UTC\\\";}s:11:\\\"afterCommit\\\";N;s:10:\\\"middleware\\\";a:0:{}s:7:\\\"chained\\\";a:0:{}}\"}}', 0, NULL, 1667178853, 1667178851);

-- --------------------------------------------------------

--
-- Table structure for table `menus`
--

CREATE TABLE `menus` (
  `id` bigint(20) UNSIGNED NOT NULL,
  `name` varchar(255) COLLATE utf8mb4_unicode_ci NOT NULL,
  `parent_id` int(11) NOT NULL,
  `description` text COLLATE utf8mb4_unicode_ci NOT NULL,
  `content` longtext COLLATE utf8mb4_unicode_ci NOT NULL,
  `slug` varchar(255) COLLATE utf8mb4_unicode_ci NOT NULL,
  `active` int(11) NOT NULL,
  `created_at` timestamp NULL DEFAULT NULL,
  `updated_at` timestamp NULL DEFAULT NULL
) ENGINE=InnoDB DEFAULT CHARSET=utf8mb4 COLLATE=utf8mb4_unicode_ci;

--
-- Dumping data for table `menus`
--

INSERT INTO `menus` (`id`, `name`, `parent_id`, `description`, `content`, `slug`, `active`, `created_at`, `updated_at`) VALUES
(11, 'Dâu', 0, '', '<p>1</p>', '1', 1, '2022-10-05 06:44:27', '2022-10-21 05:35:31'),
(12, 'KIWI', 0, '', '<p>DSDSD</p>', 'ncvnvnnv', 1, '2022-10-09 05:42:16', '2022-10-21 05:35:22'),
(14, 'Táo', 0, '', '<p>tttt</p>', 'tao-chau-a', 1, '2022-10-09 19:35:52', '2022-10-21 05:33:04');

-- --------------------------------------------------------

--
-- Table structure for table `migrations`
--

CREATE TABLE `migrations` (
  `id` int(10) UNSIGNED NOT NULL,
  `migration` varchar(255) COLLATE utf8mb4_unicode_ci NOT NULL,
  `batch` int(11) NOT NULL
) ENGINE=InnoDB DEFAULT CHARSET=utf8mb4 COLLATE=utf8mb4_unicode_ci;

--
-- Dumping data for table `migrations`
--

INSERT INTO `migrations` (`id`, `migration`, `batch`) VALUES
(1, '2014_10_12_000000_create_users_table', 1),
(2, '2014_10_12_100000_create_password_resets_table', 1),
(3, '2019_08_19_000000_create_failed_jobs_table', 1),
(4, '2019_12_14_000001_create_personal_access_tokens_table', 1),
(5, '2022_09_14_121535_create_menus_table', 2),
(6, '2022_09_23_110208_create_products_table', 3),
(7, '2022_09_23_111100_update_table_product', 4),
(8, '2022_10_06_010906_create_sliders_table', 5),
(9, '2022_10_25_103836_create_customers_table', 6),
(10, '2022_10_25_103951_create_carts_table', 6),
(11, '2022_10_25_112241_create_jobs_table', 7);

-- --------------------------------------------------------

--
-- Table structure for table `password_resets`
--

CREATE TABLE `password_resets` (
  `email` varchar(255) COLLATE utf8mb4_unicode_ci NOT NULL,
  `token` varchar(255) COLLATE utf8mb4_unicode_ci NOT NULL,
  `created_at` timestamp NULL DEFAULT NULL
) ENGINE=InnoDB DEFAULT CHARSET=utf8mb4 COLLATE=utf8mb4_unicode_ci;

-- --------------------------------------------------------

--
-- Table structure for table `personal_access_tokens`
--

CREATE TABLE `personal_access_tokens` (
  `id` bigint(20) UNSIGNED NOT NULL,
  `tokenable_type` varchar(255) COLLATE utf8mb4_unicode_ci NOT NULL,
  `tokenable_id` bigint(20) UNSIGNED NOT NULL,
  `name` varchar(255) COLLATE utf8mb4_unicode_ci NOT NULL,
  `token` varchar(64) COLLATE utf8mb4_unicode_ci NOT NULL,
  `abilities` text COLLATE utf8mb4_unicode_ci,
  `last_used_at` timestamp NULL DEFAULT NULL,
  `created_at` timestamp NULL DEFAULT NULL,
  `updated_at` timestamp NULL DEFAULT NULL
) ENGINE=InnoDB DEFAULT CHARSET=utf8mb4 COLLATE=utf8mb4_unicode_ci;

-- --------------------------------------------------------

--
-- Table structure for table `products`
--

CREATE TABLE `products` (
  `id` bigint(20) UNSIGNED NOT NULL,
  `name` varchar(255) COLLATE utf8mb4_unicode_ci NOT NULL,
  `description` text COLLATE utf8mb4_unicode_ci NOT NULL,
  `content` longtext COLLATE utf8mb4_unicode_ci NOT NULL,
  `menu_id` int(11) NOT NULL,
  `price` int(11) DEFAULT NULL,
  `price_sale` int(11) DEFAULT NULL,
  `active` int(11) NOT NULL,
  `created_at` timestamp NULL DEFAULT NULL,
  `updated_at` timestamp NULL DEFAULT NULL,
  `thumb` varchar(255) COLLATE utf8mb4_unicode_ci NOT NULL
) ENGINE=InnoDB DEFAULT CHARSET=utf8mb4 COLLATE=utf8mb4_unicode_ci;

--
-- Dumping data for table `products`
--

INSERT INTO `products` (`id`, `name`, `description`, `content`, `menu_id`, `price`, `price_sale`, `active`, `created_at`, `updated_at`, `thumb`) VALUES
(2, 'Táo', 'Táo', '<p>T&aacute;oooo</p>', 0, 150000, 111, 1, '2022-10-04 04:12:28', '2022-10-21 05:37:30', '/storage/uploads/2022/10/21/2330120.jpg'),
(7, 'Nho Ninh Thuận', '1', '<p>22</p>', 0, NULL, NULL, 1, '2022-10-12 04:55:19', '2022-10-12 04:55:19', '/storage/uploads/2022/10/12/Nho.png'),
(8, 'Thanh Long', '11', '<p>33</p>', 0, NULL, NULL, 1, '2022-10-12 05:02:16', '2022-10-12 05:02:16', '/storage/uploads/2022/10/12/apple.jpg'),
(9, 'Táo Châu Á', 'dsfsff', '<p>123421</p>', 0, 111111, 11, 1, '2022-10-03 21:09:02', '2022-10-21 05:38:50', '/storage/uploads/2022/10/21/apple.jpg'),
(10, 'Chuối', 'Chuối', '<p>T&aacute;oooo</p>', 0, 10000, 111, 1, '2022-10-03 21:12:28', '2022-10-21 05:39:21', '/storage/uploads/2022/10/21/DARUM gilt die Banane als absolute Wunderfrucht.jpg'),
(11, 'Thanh Long', 'hhhh', '<p>h</p>', 0, NULL, NULL, 1, '2022-10-03 21:34:51', '2022-10-11 21:53:15', '/storage/uploads/2022/10/12/apple.jpg'),
(12, 'Nho Ninh Thuận', '1', '<p>22</p>', 0, NULL, NULL, 1, '2022-10-11 21:55:19', '2022-10-11 21:55:19', '/storage/uploads/2022/10/12/Nho.png'),
(13, 'Thanh Long', '11', '<p>33</p>', 0, NULL, NULL, 1, '2022-10-11 22:02:16', '2022-10-11 22:02:16', '/storage/uploads/2022/10/12/apple.jpg'),
(14, 'Cherry', 'dsfsff', '<p>123421</p>', 0, 111111, 11, 1, '2022-10-03 21:09:02', '2022-10-21 05:40:03', '/storage/uploads/2022/10/21/2330060.jpg'),
(15, 'Táo nhập khẩu', 'Táoooooo', '<p>T&aacute;oooo</p>', 0, 1231231, 111, 1, '2022-10-03 21:12:28', '2022-10-21 05:40:19', '/storage/uploads/2022/10/21/food-fruit-strawberries-blood-orange-wallpaper-preview.jpg'),
(16, 'Thanh Long', 'hhhh', '<p>h</p>', 0, NULL, NULL, 1, '2022-10-03 21:34:51', '2022-10-11 21:53:15', '/storage/uploads/2022/10/12/apple.jpg'),
(17, 'Nho Ninh Thuận', '1', '<p>22</p>', 0, NULL, NULL, 1, '2022-10-11 21:55:19', '2022-10-11 21:55:19', '/storage/uploads/2022/10/12/Nho.png'),
(18, 'Thanh Long', '11', '<p>33</p>', 0, NULL, NULL, 1, '2022-10-11 22:02:16', '2022-10-11 22:02:16', '/storage/uploads/2022/10/12/apple.jpg'),
(19, 'Táo Châu Á', 'dsfsff', '<p>123421</p>', 0, 111111, 11, 1, '2022-10-03 21:09:02', '2022-10-04 21:55:45', '/storage/uploads/2022/10/05/kk.jpg'),
(20, 'Táo nhập khẩu', 'Táoooooo', '<p>T&aacute;oooo</p>', 0, 1231231, 111, 1, '2022-10-03 21:12:28', '2022-10-03 21:12:28', '/storage/uploads/2022/10/04/k.jpg'),
(21, 'Thanh Long', 'hhhh', '<p>h</p>', 0, NULL, NULL, 1, '2022-10-03 21:34:51', '2022-10-11 21:53:15', '/storage/uploads/2022/10/12/apple.jpg'),
(22, 'Nho Ninh Thuận', '1', '<p>22</p>', 0, NULL, NULL, 1, '2022-10-11 21:55:19', '2022-10-11 21:55:19', '/storage/uploads/2022/10/12/Nho.png'),
(23, 'Thanh Long', '11', '<p>33</p>', 0, NULL, NULL, 1, '2022-10-11 22:02:16', '2022-10-11 22:02:16', '/storage/uploads/2022/10/12/apple.jpg'),
(24, 'Táo Châu Á', 'dsfsff', '<p>123421</p>', 0, 111111, 11, 1, '2022-10-03 21:09:02', '2022-10-26 03:59:43', '/storage/uploads/2022/10/26/2329950.jpg'),
(25, 'Dâu Mộc Châu', 'Táoooooo', '<p>T&aacute;oooo</p>', 0, 1231231, 111, 1, '2022-10-03 21:12:28', '2022-10-26 03:59:18', '/storage/uploads/2022/10/26/2330032.jpg'),
(26, 'Thanh Long', 'hhhh', '<p>h</p>', 0, NULL, NULL, 1, '2022-10-03 21:34:51', '2022-10-11 21:53:15', '/storage/uploads/2022/10/12/apple.jpg'),
(27, 'Nho Ninh Thuận', '1', '<p>22</p>', 0, NULL, NULL, 1, '2022-10-11 21:55:19', '2022-10-11 21:55:19', '/storage/uploads/2022/10/12/Nho.png'),
(28, 'Thanh Long', '11', '<p>33</p>', 0, NULL, NULL, 1, '2022-10-11 22:02:16', '2022-10-11 22:02:16', '/storage/uploads/2022/10/12/apple.jpg'),
(29, 'Táo Châu Á', 'dsfsff', '<p>123421</p>', 0, 111111, 11, 1, '2022-10-03 21:09:02', '2022-10-26 03:58:51', '/storage/uploads/2022/10/26/Táo.jpg'),
(30, 'KiWI', 'Táoooooo', '<p>T&aacute;oooo</p>', 0, 1231231, 111, 1, '2022-10-03 21:12:28', '2022-10-26 03:58:23', '/storage/uploads/2022/10/26/2330049.jpg'),
(31, 'Thanh Long', 'hhhh', '<p>h</p>', 0, NULL, NULL, 1, '2022-10-03 21:34:51', '2022-10-30 17:46:46', '/storage/uploads/2022/10/31/20210419_031329_240031_qua-thanh-long.max-1800x1800.jpg'),
(32, 'Nho Ninh Thuận', '1', '<p>22</p>', 0, NULL, NULL, 1, '2022-10-11 21:55:19', '2022-10-11 21:55:19', '/storage/uploads/2022/10/12/Nho.png'),
(33, 'Thanh Long', '11', '<p>33</p>', 0, NULL, NULL, 1, '2022-10-11 22:02:16', '2022-10-11 22:02:16', '/storage/uploads/2022/10/12/apple.jpg'),
(34, 'Táo Châu Á', 'dsfsff', '<p>123421</p>', 0, 111111, 11, 1, '2022-10-03 21:09:02', '2022-10-26 03:57:24', '/storage/uploads/2022/10/26/apple.jpg'),
(35, 'Táo nhập khẩu', 'Táoooooo', '<p>T&aacute;oooo</p>', 0, 1231231, 111, 1, '2022-10-03 21:12:28', '2022-10-26 03:56:08', '/storage/uploads/2022/10/26/2330120.jpg'),
(36, 'Thanh Long', 'hhhh', '<p>h</p>', 0, 25000, NULL, 1, '2022-10-03 21:34:51', '2022-11-02 04:44:08', '/storage/uploads/2022/11/02/20210419_031329_240031_qua-thanh-long.max-1800x1800.jpg'),
(37, 'Nho Ninh Thuận', '1', '<p>22</p>', 0, NULL, NULL, 1, '2022-10-11 21:55:19', '2022-10-11 21:55:19', '/storage/uploads/2022/10/12/Nho.png'),
(38, 'Thanh Long', '11', '<p>33</p>', 0, NULL, NULL, 1, '2022-10-11 22:02:16', '2022-10-31 18:50:11', '/storage/uploads/2022/11/01/trai-thanh-long_aotz.jpg'),
(39, 'Táo Châu Á', 'dsfsff', '<p>123421</p>', 0, 111111, 11, 1, '2022-10-03 21:09:02', '2022-10-21 05:42:59', '/storage/uploads/2022/10/21/grapes-apples-basket-fruit-wallpaper-preview.jpg'),
(40, 'Táo nhập khẩu', 'Táoooooo', '<p>T&aacute;oooo</p>', 0, 1231231, 11111, 1, '2022-10-03 21:12:28', '2022-10-30 17:40:57', '/storage/uploads/2022/10/21/2330059.jpg'),
(41, 'Dừa Sáp', 'Hàng Cần Đặt Trước', '<p>H&agrave;ng Cần Đặt Trước</p>', 0, NULL, NULL, 1, '2022-10-03 21:34:51', '2022-10-31 18:50:21', '/storage/uploads/2022/11/01/Untitled-1-1200x676-1.jpg'),
(42, 'Măng Cụt', 'Măng Cụt Loại 1', '<div class=\"co8aDb\"><strong>Tr&aacute;i <strong>măng cụt</strong> được biết đến với một số <strong>t&aacute;c dụng</strong> sau:</strong></div>\r\n\r\n<div class=\"RqBzHd\">\r\n<ul>\r\n	<li>Tăng cường sinh lực. ...</li>\r\n	<li>Giảm c&acirc;n. ...</li>\r\n	<li>Ngăn ngừa bệnh tim mạch. ...</li>\r\n	<li>Giảm huyết &aacute;p. ...</li>\r\n	<li>Cải thiện t&igrave;nh trạng dạ d&agrave;y. ...</li>\r\n	<li>Cải tiến hệ thống ti&ecirc;u h&oacute;a. ...</li>\r\n	<li>Chống v&agrave; ngăn ngừa bệnh tiểu đường (Tuyp II) ...</li>\r\n	<li>Gi&uacute;p tinh thần th&ecirc;m minh mẫn.</li>\r\n</ul>\r\n</div>', 0, 24000, 21999, 1, '2022-10-11 21:55:19', '2022-10-31 18:49:53', '/storage/uploads/2022/11/01/cay-mang-cut-trong-o-dau-bao-lau-thi-co-trai-202203191428342280.jpg'),
(43, 'Cherry', 'Hàng Cần Đặt Trước', '<p>H&agrave;ng Cần Đặt Trước</p>', 0, NULL, NULL, 1, '2022-10-11 22:02:16', '2022-10-30 17:45:18', '/storage/uploads/2022/10/31/cherry-la-qua-gi-co-may-loai-phan-biet-cherry-my-voi-cherry-avt-1200x676.jpg'),
(44, 'Dâu', 'Dâu Loại 1', '<div class=\"co8aDb\"><strong>Ăn <strong>d&acirc;u</strong> t&acirc;y gi&uacute;p giảm nguy cơ mắc nhiều bệnh m&atilde;n t&iacute;nh</strong></div>\r\n\r\n<div class=\"RqBzHd\">\r\n<ul>\r\n	<li>Cải thiện t&igrave;nh trạng chống oxy h&oacute;a m&aacute;u.</li>\r\n	<li>Giảm stress oxy h&oacute;a.</li>\r\n	<li>Giảm vi&ecirc;m.</li>\r\n	<li>Cải thiện chức năng mạch m&aacute;u.</li>\r\n	<li>Cải thiện t&igrave;nh trạng lipid m&aacute;u cao.</li>\r\n	<li>Giảm qu&aacute; tr&igrave;nh oxy h&oacute;a c&oacute; hại <strong>của</strong> cholesterol LDL.</li>\r\n</ul>\r\n</div>', 0, 35000, 33999, 1, '2022-10-03 21:09:02', '2022-10-30 17:34:33', '/storage/uploads/2022/10/31/2330032.jpg'),
(45, 'Táo nhập khẩu', 'Hàng Cần Đặt Trước', '<p>H&agrave;ng Cần Đặt Trước</p>', 0, 40000, 34999, 1, '2022-10-03 21:12:28', '2022-10-30 17:33:16', '/storage/uploads/2022/10/31/2330120.jpg'),
(46, 'KiWi', 'Hàng Cần Đặt Trước', '<p>H&agrave;ng Cần Đặt Trước</p>', 0, NULL, NULL, 1, '2022-10-03 21:34:51', '2022-10-30 17:31:56', '/storage/uploads/2022/10/31/2330049.jpg'),
(47, 'Chuối Laba', 'Chuối ở Đà Lạt - Lâm Đồng', '<p><span dir=\"ltr\" lang=\"vi\">Chuối Laba (chuối tiến Vua), một giống chuối đặc sản nổi tiếng của v&ugrave;ng đất <strong>Đ&agrave; Lạt - L&acirc;m Đồng</strong> đang c&oacute; nguy cơ mai một, giống chuối qu&yacute; n&agrave;y đ&atilde; từng rất nổi tiếng,được ưa chuộng nhờ hương vị thơm ngon, dẻo ngọt. Trong lịch sử, chuối laba đ&atilde; được d&ugrave;ng để tiến Vua Bảo Đại, triều đ&igrave;nh v&agrave; c&aacute;c quan chức người Ph&aacute;p.</span></p>', 0, NULL, NULL, 1, '2022-10-11 21:55:19', '2022-10-30 17:42:18', '/storage/uploads/2022/10/31/intro-1565644398-1575134601-9257-1575134774.jpg'),
(48, 'Thanh Long', 'Thanh Long Ruột Trắng', '<div class=\"co8aDb\"><strong>7 <strong>t&aacute;c dụng của thanh long</strong> đối với sức khỏe</strong></div>\r\n\r\n<div class=\"RqBzHd\">\r\n<ul>\r\n	<li>Ăn <strong>thanh long</strong> chống l&atilde;o h&oacute;a. ...</li>\r\n	<li><strong>T&aacute;c dụng của thanh long</strong>: gi&uacute;p ngăn ngừa ung thư ...</li>\r\n	<li><strong>C&ocirc;ng dụng của thanh long</strong>: Tăng cường sức khỏe tim mạch. ...</li>\r\n	<li><strong>Thanh long</strong> chứa nhiều sắt gi&uacute;p bổ m&aacute;u. ...</li>\r\n	<li><strong>T&aacute;c dụng của thanh long</strong>: Ngăn ngừa bệnh tiểu đường. ...</li>\r\n	<li><strong>T&aacute;c dụng của</strong> quả <strong>thanh long</strong>: Hỗ trợ cải thiện hệ ti&ecirc;u h&oacute;a.</li>\r\n</ul>\r\n</div>', 0, 15000, 14000, 1, '2022-10-11 22:02:16', '2022-10-30 17:25:10', '/storage/uploads/2022/10/31/20210419_031329_240031_qua-thanh-long.max-1800x1800.jpg'),
(49, 'Dâu và Việt Quất', 'Táo Ninh Thuận', '<div class=\"short-description\" style=\"-webkit-text-stroke-width:0px; color:#333333; display:block; font-family:Helvetica,Arial,sans-serif; font-size:14px; font-style:normal; font-variant-caps:normal; font-variant-ligatures:normal; font-weight:400; letter-spacing:normal; line-height:25px; margin-bottom:0; margin-left:0; margin-right:0; margin-top:0; orphans:2; padding:5px; text-align:start; text-decoration-color:initial; text-decoration-style:initial; text-decoration-thickness:initial; text-indent:0px; text-transform:none; white-space:normal; widows:2; word-spacing:0px\">D&acirc;u v&agrave; Việt Quất l&agrave;&nbsp;<a href=\"https://www.bachhoaxanh.com/trai-cay-tuoi-ngon\" style=\"margin: 0px; padding: 0px; text-decoration: none; color: rgb(40, 138, 214);\">tr&aacute;i c&acirc;y</a>&nbsp;c&oacute; h&igrave;nh d&aacute;ng kh&aacute; tr&ograve;n, nhỏ, gi&ograve;n v&agrave; c&oacute; vị ngọt thanh. Chỉ cần rửa sạch, chấm với muối ớt hoặc muối t&ocirc;m ăn bắt vị v&ocirc; c&ugrave;ng. B&ecirc;n cạnh đ&oacute;&nbsp; c&ograve;n rất nhiều lợi &iacute;ch cho sức khỏe như đẹp da, tốt cho tr&iacute; n&atilde;o, hệ ti&ecirc;u h&oacute;a v&agrave; hệ miễn dịch n&ecirc;n rất được ưa chuộng.</div>\r\n\r\n<div class=\"description nospeci\" style=\"-webkit-text-stroke-width:0px; background:#ffffff; border-bottom-left-radius:5px; border-bottom-right-radius:5px; color:#333333; font-family:Helvetica,Arial,sans-serif; font-size:14px; font-style:normal; font-variant-caps:normal; font-variant-ligatures:normal; font-weight:400; letter-spacing:normal; line-height:1.6; margin-bottom:0; margin-left:0; margin-right:0; margin-top:0; max-height:140px; orphans:2; overflow:hidden; padding:10px 0px 0px; position:relative; text-align:start; text-decoration-color:initial; text-decoration-style:initial; text-decoration-thickness:initial; text-indent:0px; text-transform:none; white-space:normal; widows:2; word-spacing:0px\">&nbsp;</div>', 0, 24000, 20000, 1, '2022-10-03 21:09:02', '2022-10-31 18:53:45', '/storage/uploads/2022/11/01/strawberries-raspberries-blueberries-blackberries-fruits-wallpaper-preview.jpg'),
(50, 'Táo Mộc Châu', 'Táo ngon', '<div class=\"co8aDb\"><strong><strong>Lợi &iacute;ch của</strong> việc ăn <strong>t&aacute;o</strong> mỗi ng&agrave;y</strong></div>\r\n\r\n<div class=\"RqBzHd\">\r\n<ul>\r\n	<li>Cung cấp nhiều vitamin v&agrave; chất kho&aacute;ng chất. ...</li>\r\n	<li>Ph&ograve;ng ngừa đột quỵ v&agrave; c&aacute;c bệnh tim mạch. ...</li>\r\n	<li>Duy tr&igrave; cholesterol ở mức độ tốt cho sức khỏe. ...</li>\r\n	<li>Ph&ograve;ng ngừa bệnh Alzheimer. ...</li>\r\n	<li>Tốt cho da. ...</li>\r\n	<li>Giảm c&acirc;n. ...</li>\r\n	<li>Hỗ trợ ph&ograve;ng ngừa ung thư</li>\r\n</ul>\r\n</div>', 0, 25000, 24000, 1, '2022-10-03 21:12:28', '2022-10-31 18:51:49', '/storage/uploads/2022/11/01/Táo.jpg'),
(51, 'Thanh Long', 'hhhh', '<p>h</p>', 0, 25000, 24000, 1, '2022-10-03 21:34:51', '2022-10-31 18:51:30', '/storage/uploads/2022/11/01/trai-thanh-long_aotz.jpg'),
(52, 'Nho Mỹ Tho', 'Nho Loại 1', '<div class=\"co8aDb\"><strong><strong>T&aacute;c dụng</strong> tuyệt vời <strong>của nho</strong> kh&ocirc;ng phải ai cũng biết</strong></div>\r\n\r\n<div class=\"RqBzHd\">\r\n<ul>\r\n	<li>Ph&ograve;ng ngừa bệnh mạch m&aacute;u n&atilde;o v&agrave; bệnh tim mạch. ...</li>\r\n	<li>Tạo hưng phấn cho n&atilde;o bộ ...</li>\r\n	<li>Ph&ograve;ng chống cảm lạnh. ...</li>\r\n	<li>Tạm biệt nếp nhăn. ...</li>\r\n	<li>Giảm c&acirc;n. ...</li>\r\n	<li>Bảo vệ cơ thể khỏi bức xạ ...</li>\r\n	<li>Cải thiện t&igrave;nh trạng bệnh tiểu đường. ...</li>\r\n	<li>Hỗ trợ phục hồi cơ bắp.</li>\r\n</ul>\r\n</div>', 0, 22000, 19998, 1, '2022-10-11 21:55:19', '2022-11-04 06:14:47', '/storage/uploads/2022/11/04/111.jpg'),
(53, 'Chuối', 'Loại 1', '<p>Ngon</p>', 0, 15000, 14000, 1, '2022-11-04 05:47:26', '2022-11-04 06:13:29', '/storage/uploads/2022/11/04/intro-1565644398-1575134601-9257-1575134774.jpg');

-- --------------------------------------------------------

--
-- Table structure for table `sliders`
--

CREATE TABLE `sliders` (
  `id` bigint(20) UNSIGNED NOT NULL,
  `name` varchar(255) COLLATE utf8mb4_unicode_ci NOT NULL,
  `url` varchar(255) COLLATE utf8mb4_unicode_ci DEFAULT NULL,
  `thumb` varchar(255) COLLATE utf8mb4_unicode_ci NOT NULL,
  `sort_by` int(11) NOT NULL,
  `active` int(11) NOT NULL,
  `created_at` timestamp NULL DEFAULT NULL,
  `updated_at` timestamp NULL DEFAULT NULL
) ENGINE=InnoDB DEFAULT CHARSET=utf8mb4 COLLATE=utf8mb4_unicode_ci;

--
-- Dumping data for table `sliders`
--

INSERT INTO `sliders` (`id`, `name`, `url`, `thumb`, `sort_by`, `active`, `created_at`, `updated_at`) VALUES
(1, 'Táo', '#', '/storage/uploads/2022/10/21/2330142.jpg', 1, 1, '2022-10-11 04:44:54', '2022-10-21 05:32:03'),
(2, 'KIWI', '#', '/storage/uploads/2022/10/21/2330049.jpg', 1, 1, '2022-10-11 04:45:57', '2022-10-21 05:26:11'),
(3, 'Dâu', '#', '/storage/uploads/2022/10/21/2330059.jpg', 1, 1, '2022-10-11 04:46:23', '2022-10-21 05:34:31');

-- --------------------------------------------------------

--
-- Table structure for table `users`
--

CREATE TABLE `users` (
  `id` bigint(20) UNSIGNED NOT NULL,
  `name` varchar(255) COLLATE utf8mb4_unicode_ci NOT NULL,
  `email` varchar(255) COLLATE utf8mb4_unicode_ci NOT NULL,
  `email_verified_at` timestamp NULL DEFAULT NULL,
  `password` varchar(255) COLLATE utf8mb4_unicode_ci NOT NULL,
  `remember_token` varchar(100) COLLATE utf8mb4_unicode_ci DEFAULT NULL,
  `created_at` timestamp NULL DEFAULT NULL,
  `updated_at` timestamp NULL DEFAULT NULL
) ENGINE=InnoDB DEFAULT CHARSET=utf8mb4 COLLATE=utf8mb4_unicode_ci;

--
-- Dumping data for table `users`
--

INSERT INTO `users` (`id`, `name`, `email`, `email_verified_at`, `password`, `remember_token`, `created_at`, `updated_at`) VALUES
(1, 'Admin', 'admin@localhost.com', NULL, '$2y$10$0VgOOQQ2Yb6lLuU.h/7.FOtXN4RLxDNxg2E.IX80xtPLjRaMTQaXm', NULL, '2022-09-15 17:00:00', '2022-09-15 17:00:00');

--
-- Indexes for dumped tables
--

--
-- Indexes for table `carts`
--
ALTER TABLE `carts`
  ADD PRIMARY KEY (`id`),
  ADD KEY `carts_customer_id_foreign` (`customer_id`);

--
-- Indexes for table `customers`
--
ALTER TABLE `customers`
  ADD PRIMARY KEY (`id`);

--
-- Indexes for table `failed_jobs`
--
ALTER TABLE `failed_jobs`
  ADD PRIMARY KEY (`id`),
  ADD UNIQUE KEY `failed_jobs_uuid_unique` (`uuid`);

--
-- Indexes for table `jobs`
--
ALTER TABLE `jobs`
  ADD PRIMARY KEY (`id`),
  ADD KEY `jobs_queue_index` (`queue`);

--
-- Indexes for table `menus`
--
ALTER TABLE `menus`
  ADD PRIMARY KEY (`id`),
  ADD UNIQUE KEY `menus_slug_unique` (`slug`);

--
-- Indexes for table `migrations`
--
ALTER TABLE `migrations`
  ADD PRIMARY KEY (`id`);

--
-- Indexes for table `password_resets`
--
ALTER TABLE `password_resets`
  ADD KEY `password_resets_email_index` (`email`);

--
-- Indexes for table `personal_access_tokens`
--
ALTER TABLE `personal_access_tokens`
  ADD PRIMARY KEY (`id`),
  ADD UNIQUE KEY `personal_access_tokens_token_unique` (`token`),
  ADD KEY `personal_access_tokens_tokenable_type_tokenable_id_index` (`tokenable_type`,`tokenable_id`);

--
-- Indexes for table `products`
--
ALTER TABLE `products`
  ADD PRIMARY KEY (`id`);

--
-- Indexes for table `sliders`
--
ALTER TABLE `sliders`
  ADD PRIMARY KEY (`id`);

--
-- Indexes for table `users`
--
ALTER TABLE `users`
  ADD PRIMARY KEY (`id`),
  ADD UNIQUE KEY `users_email_unique` (`email`);

--
-- AUTO_INCREMENT for dumped tables
--

--
-- AUTO_INCREMENT for table `carts`
--
ALTER TABLE `carts`
  MODIFY `id` bigint(20) UNSIGNED NOT NULL AUTO_INCREMENT, AUTO_INCREMENT=61;

--
-- AUTO_INCREMENT for table `customers`
--
ALTER TABLE `customers`
  MODIFY `id` bigint(20) UNSIGNED NOT NULL AUTO_INCREMENT, AUTO_INCREMENT=28;

--
-- AUTO_INCREMENT for table `failed_jobs`
--
ALTER TABLE `failed_jobs`
  MODIFY `id` bigint(20) UNSIGNED NOT NULL AUTO_INCREMENT, AUTO_INCREMENT=8;

--
-- AUTO_INCREMENT for table `jobs`
--
ALTER TABLE `jobs`
  MODIFY `id` bigint(20) UNSIGNED NOT NULL AUTO_INCREMENT, AUTO_INCREMENT=13;

--
-- AUTO_INCREMENT for table `menus`
--
ALTER TABLE `menus`
  MODIFY `id` bigint(20) UNSIGNED NOT NULL AUTO_INCREMENT, AUTO_INCREMENT=15;

--
-- AUTO_INCREMENT for table `migrations`
--
ALTER TABLE `migrations`
  MODIFY `id` int(10) UNSIGNED NOT NULL AUTO_INCREMENT, AUTO_INCREMENT=12;

--
-- AUTO_INCREMENT for table `personal_access_tokens`
--
ALTER TABLE `personal_access_tokens`
  MODIFY `id` bigint(20) UNSIGNED NOT NULL AUTO_INCREMENT;

--
-- AUTO_INCREMENT for table `products`
--
ALTER TABLE `products`
  MODIFY `id` bigint(20) UNSIGNED NOT NULL AUTO_INCREMENT, AUTO_INCREMENT=54;

--
-- AUTO_INCREMENT for table `sliders`
--
ALTER TABLE `sliders`
  MODIFY `id` bigint(20) UNSIGNED NOT NULL AUTO_INCREMENT, AUTO_INCREMENT=4;

--
-- AUTO_INCREMENT for table `users`
--
ALTER TABLE `users`
  MODIFY `id` bigint(20) UNSIGNED NOT NULL AUTO_INCREMENT, AUTO_INCREMENT=2;

--
-- Constraints for dumped tables
--

--
-- Constraints for table `carts`
--
ALTER TABLE `carts`
  ADD CONSTRAINT `carts_customer_id_foreign` FOREIGN KEY (`customer_id`) REFERENCES `customers` (`id`) ON DELETE CASCADE;
COMMIT;

/*!40101 SET CHARACTER_SET_CLIENT=@OLD_CHARACTER_SET_CLIENT */;
/*!40101 SET CHARACTER_SET_RESULTS=@OLD_CHARACTER_SET_RESULTS */;
/*!40101 SET COLLATION_CONNECTION=@OLD_COLLATION_CONNECTION */;
